"","datasetID","verbatimIdentification","Jaccard_dissim","Jaccard_sim","a","b","c","d","Total_Ncells_samp"
"1",5,"Accipiter nisus",0.123397435897436,0.876602564102564,547,52,25,4,628
"2",5,"Ardea cinerea",0.564159292035398,0.435840707964602,197,201,54,176,628
"3",5,"Acrocephalus palustris",0.173202614379085,0.826797385620915,506,70,36,16,628
"4",5,"Asio otus",0.278260869565217,0.721739130434783,415,77,83,53,628
"5",5,"Buteo buteo",0.00477707006369432,0.995222929936306,625,1,2,0,628
"6",5,"Aegithalos caudatus",0.11525974025974,0.88474025974026,545,46,25,12,628
"7",5,"Apus apus",0.0559105431309904,0.94408945686901,591,22,13,2,628
"8",5,"Anthus trivialis",0.0498392282958199,0.95016077170418,591,13,18,6,628
"9",5,"Aegolius funereus",0.592592592592593,0.407407407407407,110,124,36,358,628
"10",5,"Accipiter gentilis",0.158319870759289,0.841680129240711,521,42,56,9,628
"11",5,"Aythya ferina",0.313636363636364,0.686363636363636,302,52,86,188,628
"12",5,"Anthus pratensis",0.429594272076372,0.570405727923628,239,96,84,209,628
"13",5,"Alcedo atthis",0.346153846153846,0.653846153846154,357,148,41,82,628
"14",5,"Acrocephalus scirpaceus",0.255905511811024,0.744094488188976,378,74,56,120,628
"15",5,"Bubo bubo",0.367768595041322,0.632231404958678,306,91,87,144,628
"16",5,"Acrocephalus arundinaceus",0.473520249221184,0.526479750778816,169,83,69,307,628
"17",5,"Athene noctua",0.723768736616702,0.276231263383298,129,39,299,161,628
"18",5,"Aythya fuligula",0.26171875,0.73828125,378,71,63,116,628
"19",5,"Anas platyrhynchos",0.0580645161290323,0.941935483870968,584,25,11,8,628
"20",5,"Ciconia nigra",0.3690036900369,0.6309963099631,342,152,48,86,628
"21",5,"Carduelis carduelis",0.0238853503184714,0.976114649681529,613,10,5,0,628
"22",5,"Nucifraga caryocatactes",0.390663390663391,0.609336609336609,248,91,68,221,628
"23",5,"Passer montanus",0.0631067961165048,0.936893203883495,579,13,26,10,628
"24",5,"Sylvia borin",0.140096618357488,0.859903381642512,534,48,39,7,628
"25",5,"Ficedula parva",0.685714285714286,0.314285714285714,77,97,71,383,628
"26",5,"Serinus serinus",0.0127388535031847,0.987261146496815,620,5,3,0,628
"27",5,"Gallinago gallinago",0.529569892473118,0.470430107526882,175,65,132,256,628
"28",5,"Turdus pilaris",0.100649350649351,0.899350649350649,554,36,26,12,628
"29",5,"Pyrrhula pyrrhula",0.11744966442953,0.88255033557047,526,34,36,32,628
"30",5,"Dryocopus martius",0.106451612903226,0.893548387096774,554,45,21,8,628
"31",5,"Phylloscopus sibilatrix",0.154220779220779,0.845779220779221,521,59,36,12,628
"32",5,"Parus palustris",0.179775280898876,0.820224719101124,511,68,44,5,628
"33",5,"Carduelis chloris",0.00159235668789814,0.998407643312102,627,1,0,0,628
"34",5,"Podiceps cristatus",0.314942528735632,0.685057471264368,298,60,77,193,628
"35",5,"Parus major",0.00159235668789814,0.998407643312102,627,1,0,0,628
"36",5,"Phylloscopus collybita",0.0111464968152867,0.988853503184713,621,4,3,0,628
"37",5,"Cuculus canorus",0.0207006369426752,0.979299363057325,615,9,4,0,628
"38",5,"Carduelis cannabina",0.0936995153473344,0.906300484652666,561,41,17,9,628
"39",5,"Corvus corax",0.537005163511188,0.462994836488812,269,297,15,47,628
"40",5,"Ficedula hypoleuca",0.511160714285714,0.488839285714286,219,122,107,180,628
"41",5,"Loxia curvirostra",0.353846153846154,0.646153846153846,336,118,66,108,628
"42",5,"Columba palumbus",0.0191082802547771,0.980891719745223,616,10,2,0,628
"43",5,"Locustella naevia",0.252911813643927,0.747088186356073,449,103,49,27,628
"44",5,"Dendrocopos minor",0.31858407079646,0.68141592920354,385,112,68,63,628
"45",5,"Parus ater",0.0830618892508144,0.916938110749186,563,31,20,14,628
"46",5,"Tachybaptus ruficollis",0.302186878727634,0.697813121272366,351,72,80,125,628
"47",5,"Ciconia ciconia",0.273084479371316,0.726915520628684,370,80,59,119,628
"48",5,"Parus montanus",0.332727272727273,0.667272727272727,367,125,58,78,628
"49",5,"Sturnus vulgaris",0.00955414012738853,0.990445859872611,622,3,3,0,628
"50",5,"Turdus merula",0.00159235668789814,0.998407643312102,627,0,1,0,628
"51",5,"Vanellus vanellus",0.179661016949153,0.820338983050847,484,27,79,38,628
"52",5,"Columba livia f.domestica",0.25177304964539,0.74822695035461,422,74,68,64,628
"53",5,"Dendrocopos major",0.0111464968152867,0.988853503184713,621,6,1,0,628
"54",5,"Sitta europaea",0.0111464968152867,0.988853503184713,621,6,1,0,628
"55",5,"Troglodytes troglodytes",0.0159489633173844,0.984051036682616,617,8,2,1,628
"56",5,"Phasianus colchicus",0.115511551155115,0.884488448844885,536,23,47,22,628
"57",5,"Prunella modularis",0.0591054313099042,0.940894568690096,589,23,14,2,628
"58",5,"Turdus viscivorus",0.175986842105263,0.824013157894737,501,85,22,20,628
"59",5,"Carduelis spinus",0.300546448087432,0.699453551912568,384,89,76,79,628
"60",5,"Emberiza citrinella",0,1,628,0,0,0,628
"61",5,"Emberiza schoeniclus",0.22181146025878,0.77818853974122,421,79,41,87,628
"62",5,"Circus aeruginosus",0.329479768786127,0.670520231213873,348,147,24,109,628
"63",5,"Phoenicurus phoenicurus",0.124394184168013,0.875605815831987,542,55,22,9,628
"64",5,"Coccothraustes coccothraustes",0.151219512195122,0.848780487804878,522,69,24,13,628
"65",5,"Pica pica",0.0850722311396469,0.914927768860353,570,34,19,5,628
"66",5,"Coturnix coturnix",0.320723684210526,0.679276315789474,413,174,21,20,628
"67",5,"Hirundo rustica",0.00159235668789814,0.998407643312102,627,0,1,0,628
"68",5,"Turdus philomelos",0.00477707006369432,0.995222929936306,625,2,1,0,628
"69",5,"Picus viridis",0.12987012987013,0.87012987012987,536,52,28,12,628
"70",5,"Erithacus rubecula",0.00955414012738853,0.990445859872611,622,5,1,0,628
"71",5,"Sylvia curruca",0.0414012738853503,0.95859872611465,602,12,14,0,628
"72",5,"Corvus corone cornix",0.121317157712305,0.878682842287695,507,29,41,51,628
"73",5,"Charadrius dubius",0.423982869379015,0.576017130620985,269,106,92,161,628
"74",5,"Haliaeetus albicilla",0.850574712643678,0.149425287356322,13,70,4,541,628
"75",5,"Sylvia communis",0.0351437699680511,0.964856230031949,604,12,10,2,628
"76",5,"Streptopelia turtur",0.0741935483870968,0.925806451612903,574,22,24,8,628
"77",5,"Fulica atra",0.163302752293578,0.836697247706422,456,44,45,83,628
"78",5,"Miliaria calandra",0.728658536585366,0.271341463414634,89,191,48,300,628
"79",5,"Milvus milvus",0.741071428571429,0.258928571428571,58,120,46,404,628
"80",5,"Strix aluco",0.166392092257002,0.833607907742998,506,57,44,21,628
"81",5,"Columba livia f. domestica",0.206976744186047,0.793023255813953,341,44,45,198,628
"82",5,"Cygnus olor",0.237254901960784,0.762745098039216,389,60,61,118,628
"83",5,"Muscicapa striata",0.160194174757282,0.839805825242718,519,63,36,10,628
"84",5,"Delichon urbica",0.00318471337579618,0.996815286624204,626,1,1,0,628
"85",5,"Certhia brachydactyla",0.397338403041825,0.602661596958175,317,119,90,102,628
"86",5,"Hippolais icterina",0.103225806451613,0.896774193548387,556,34,30,8,628
"87",5,"Larus ridibundus",0.526190476190476,0.473809523809524,199,88,133,208,628
"88",5,"Alauda arvensis",0.00636942675159236,0.993630573248408,624,1,3,0,628
"89",5,"Motacilla alba",0.00318471337579618,0.996815286624204,626,2,0,0,628
"90",5,"Garrulus glandarius",0.0254777070063694,0.974522292993631,612,13,3,0,628
"91",5,"Carpodacus erythrinus",0.646706586826347,0.353293413173653,59,65,43,461,628
"92",5,"Parus cristatus",0.171232876712329,0.828767123287671,484,49,51,44,628
"93",5,"Saxicola rubetra",0.198988195615514,0.801011804384486,475,50,68,35,628
"94",5,"Locustella fluviatilis",0.300869565217391,0.699130434782609,402,125,48,53,628
"95",5,"Crex crex",0.653669724770642,0.346330275229358,151,236,49,192,628
"96",5,"Fringilla coelebs",0.00159235668789814,0.998407643312102,627,1,0,0,628
"97",5,"Certhia familiaris",0.140776699029126,0.859223300970874,531,63,24,10,628
"98",5,"Motacilla cinerea",0.0943708609271523,0.905629139072848,547,44,13,24,628
"99",5,"Corvus monedula",0.45372460496614,0.54627539503386,242,43,158,185,628
"100",5,"Lullula arborea",0.67037037037037,0.32962962962963,89,106,75,358,628
"101",5,"Phylloscopus trochilus",0.035031847133758,0.964968152866242,606,12,10,0,628
"102",5,"Sylvia atricapilla",0.00318471337579618,0.996815286624204,626,1,1,0,628
"103",5,"Passer domesticus",0.00637958532695371,0.993620414673046,623,1,3,1,628
"104",5,"Parus caeruleus",0.0079617834394905,0.99203821656051,623,4,1,0,628
"105",5,"Streptopelia decaocto",0.0289855072463768,0.971014492753623,603,7,11,7,628
"106",5,"Phoenicurus ochruros",0.00159235668789814,0.998407643312102,627,0,1,0,628
"107",5,"Gallinula chloropus",0.324,0.676,338,84,78,128,628
"108",5,"Picus canus",0.420183486238532,0.579816513761468,316,117,112,83,628
"109",5,"Cinclus cinclus",0.295503211991435,0.704496788008565,329,77,61,161,628
"110",5,"Corvus corone corone",0.102088167053364,0.897911832946636,387,18,26,197,628
"111",5,"Jynx torquilla",0.42803738317757,0.57196261682243,306,126,103,93,628
"112",5,"Glaucidium passerinum",0.613382899628253,0.386617100371747,104,142,23,359,628
"113",5,"Falco tinnunculus",0.0239234449760766,0.976076555023923,612,12,3,1,628
"114",5,"Rallus aquaticus",0.503125,0.496875,159,121,40,308,628
"115",5,"Columba oenas",0.470347648261759,0.529652351738241,259,175,55,139,628
"116",5,"Regulus regulus",0.0891089108910891,0.910891089108911,552,31,23,22,628
"117",5,"Lanius collurio",0.0127591706539075,0.987240829346092,619,6,2,1,628
"118",5,"Ficedula albicollis",0.469733656174334,0.530266343825666,219,112,82,215,628
"119",5,"Anas querquedula",0.569288389513109,0.430711610486891,115,79,73,361,628
"120",5,"Actitis hypoleucos",0.595108695652174,0.404891304347826,149,110,109,260,628
"121",5,"Oriolus oriolus",0.280464216634429,0.719535783365571,372,86,59,111,628
"122",5,"Falco peregrinus",0.904761904761905,0.0952380952380952,6,39,18,565,628
"123",5,"Scolopax rusticola",0.561151079136691,0.438848920863309,183,135,99,211,628
"124",5,"Tyto alba",0.620947630922693,0.379052369077307,152,88,161,227,628
"125",5,"Saxicola torquata",0.541076487252125,0.458923512747875,162,126,65,275,628
"126",5,"Regulus ignicapillus",0.385767790262172,0.614232209737828,328,158,48,94,628
"127",5,"Sylvia nisoria",0.622302158273381,0.377697841726619,105,92,81,350,628
"128",5,"Grus grus",0.906976744186047,0.0930232558139535,4,36,3,585,628
"129",5,"Caprimulgus europaeus",0.831683168316832,0.168316831683168,34,57,111,426,628
"130",5,"Oenanthe oenanthe",0.781954887218045,0.218045112781955,58,69,139,362,628
"131",5,"Circus pygargus",0.906474820143885,0.0935251798561151,13,93,33,489,628
"132",5,"Milvus migrans",0.778481012658228,0.221518987341772,35,77,46,470,628
"133",5,"Perdix perdix",0.213286713286713,0.786713286713287,450,42,80,56,628
"134",5,"Lanius excubitor",0.370093457943925,0.629906542056075,337,105,93,93,628
"135",5,"Pernis apivorus",0.512345679012346,0.487654320987654,237,153,96,142,628
"136",5,"Remiz pendulinus",0.38,0.62,217,55,78,278,628
"137",5,"Carduelis flammea",0.629268292682927,0.370731707317073,76,71,58,423,628
"138",5,"Luscinia megarhynchos",0.403361344537815,0.596638655462185,213,103,41,271,628
"139",5,"Circus cyaneus",0.754578754578755,0.245421245421245,67,100,106,355,628
"140",5,"Tringa ochropus",0.855263157894737,0.144736842105263,22,112,18,476,628
"141",5,"Tetrao tetrix",0.504761904761905,0.495238095238095,52,10,43,523,628
"142",5,"Riparia riparia",0.434163701067616,0.565836298932384,159,35,87,347,628
"143",5,"Acrocephalus schoenobaenus",0.441624365482233,0.558375634517767,220,117,57,234,628
"144",5,"Anas crecca",0.580645161290323,0.419354838709677,130,70,110,318,628
"145",5,"Phylloscopus trochiloides",0.928571428571429,0.0714285714285714,1,6,7,614,628
"146",5,"Anas strepera",0.550769230769231,0.449230769230769,146,127,52,303,628
"147",5,"Podiceps nigricollis",0.561752988047809,0.438247011952191,110,32,109,377,628
"148",5,"Ixobrychus minutus",0.677083333333333,0.322916666666667,31,35,30,532,628
"149",5,"Botaurus stellaris",0.741573033707865,0.258426966292135,23,43,23,539,628
"150",5,"Locustella luscinioides",0.668367346938776,0.331632653061224,65,99,32,432,628
"151",5,"Galerida cristata",0.712903225806452,0.287096774193548,89,31,190,318,628
"152",5,"Motacilla flava",0.638436482084691,0.361563517915309,111,106,90,321,628
"153",5,"Chlidonias niger",0.658823529411765,0.341176470588235,29,19,37,543,628
"154",5,"Dendrocopos medius",0.601307189542484,0.398692810457516,122,128,56,322,628
"155",5,"Bonasa bonasia",0.516129032258065,0.483870967741935,45,25,23,535,628
"156",5,"Carduelis flammea cabaret",0.298611111111111,0.701388888888889,101,30,13,484,628
"157",5,"Turdus torquatus",0.367816091954023,0.632183908045977,55,15,17,541,628
"158",5,"Tetrao urogallus",0.622641509433962,0.377358490566038,20,11,22,575,628
"159",5,"Podiceps grisegena",0.945945945945946,0.0540540540540541,2,16,19,591,628
"160",5,"Corvus frugilegus",0.7,0.3,36,35,49,508,628
"161",5,"Anas clypeata",0.556179775280899,0.443820224719101,79,44,55,450,628
"162",5,"Aythya nyroca",1,0,0,8,18,602,628
"163",5,"Netta rufina",0.676923076923077,0.323076923076923,21,38,6,563,628
"164",5,"Phalacrocorax carbo",0.781818181818182,0.218181818181818,24,76,10,518,628
"165",5,"Falco subbuteo",0.653846153846154,0.346153846153846,126,148,90,264,628
"166",5,"Upupa epops",0.774011299435028,0.225988700564972,40,80,57,451,628
"167",5,"Turdus iliacus",0.926829268292683,0.0731707317073171,3,17,21,587,628
"168",5,"Bucephala clangula",0.63265306122449,0.36734693877551,18,27,4,579,628
"169",5,"Anthus spinoletta",0.375,0.625,10,2,4,612,628
"170",5,"Luscinia svecica svecica",0.333333333333333,0.666666666666667,2,0,1,625,628
"171",5,"Emberiza hortulana",0.91358024691358,0.0864197530864197,7,33,41,547,628
"172",5,"Prunella collaris",0.428571428571429,0.571428571428571,4,2,1,621,628
"173",5,"Aquila pomarina",1,0,0,15,14,599,628
"174",5,"Charadrius morinellus",0.5,0.5,1,0,1,626,628
"175",5,"Anthus campestris",0.903225806451613,0.0967741935483871,3,11,17,597,628
"176",5,"Anser anser",0.699115044247788,0.300884955752212,34,65,14,515,628
"177",5,"Porzana parva",0.95,0.05,2,32,6,588,628
"178",5,"Luscinia svecica cyanecula",0.774436090225564,0.225563909774436,30,92,11,495,628
"179",5,"Porzana porzana",0.717171717171717,0.282828282828283,28,41,30,529,628
"180",5,"Panurus biarmicus",0.607843137254902,0.392156862745098,20,19,12,577,628
"181",5,"Mergus merganser",0.954545454545455,0.0454545454545455,1,16,5,606,628
"182",5,"Tringa totanus",0.591836734693878,0.408163265306122,40,26,32,530,628
"183",5,"Anas acuta",1,0,0,10,10,608,628
"184",5,"Merops apiaster",0.787878787878788,0.212121212121212,7,19,7,595,628
"185",5,"Asio flammeus",1,0,0,13,5,610,628
"186",5,"Numenius arquata",0.84375,0.15625,5,11,16,596,628
"187",5,"Picoides tridactylus",0.456521739130435,0.543478260869565,25,8,13,582,628
"188",5,"Larus canus",0.782608695652174,0.217391304347826,5,13,5,605,628
"189",5,"Larus cachinnans",1,0,0,4,5,619,628
"190",5,"Sterna hirundo",0.666666666666667,0.333333333333333,37,42,32,517,628
"191",5,"Luscinia luscinia",1,0,0,12,7,609,628
"192",5,"Limosa limosa",0.785714285714286,0.214285714285714,12,12,32,572,628
"193",5,"Nycticorax nycticorax",0.754098360655738,0.245901639344262,15,37,9,567,628
"194",5,"Dendrocopos syriacus",0.686746987951807,0.313253012048193,26,50,7,545,628
"195",5,"Larus melanocephalus",0.875,0.125,2,12,2,612,628
"196",5,"Ardea purpurea",0.791666666666667,0.208333333333333,5,14,5,604,628
"197",5,"Dendrocopos leucotos",0.596153846153846,0.403846153846154,21,15,16,576,628
"198",5,"Falco cherrug",0.619047619047619,0.380952380952381,8,8,5,607,628
"199",5,"Otus scops",1,0,0,4,2,622,628
"200",5,"Recurvirostra avosetta",0.857142857142857,0.142857142857143,1,5,1,621,628
"201",5,"Himantopus himantopus",1,0,0,5,4,619,628
"202",5,"Strix uralensis",0.842105263157895,0.157894736842105,3,15,1,609,628
"203",5,"Egretta garzetta",0.909090909090909,0.0909090909090909,1,10,0,617,628
"204",5,"Platalea leucorodia",0.928571428571429,0.0714285714285714,1,11,2,614,628
"205",6,"Agelaius phoeniceus",0.0683744221879815,0.931625577812018,4837,133,222,127,5319
"206",6,"Aix sponsa",0.623281661304475,0.376718338695525,1288,1496,635,1900,5319
"207",6,"Butorides virescens",0.531192093885114,0.468807906114886,1518,694,1026,2081,5319
"208",6,"Branta canadensis",0.762385999507025,0.237614000492975,964,2999,94,1262,5319
"209",6,"Ardea herodias",0.425729143115532,0.574270856884468,2540,1258,625,896,5319
"210",6,"Buteo platypterus",0.628691983122363,0.371308016877637,1056,901,887,2475,5319
"211",6,"Cardinalis cardinalis",0.188015526443474,0.811984473556526,3347,547,228,1197,5319
"212",6,"Bonasa umbellus",0.542282221090168,0.457717778909832,1797,775,1354,1393,5319
"213",6,"Anas platyrhynchos",0.405004428697963,0.594995571302037,2687,1337,492,803,5319
"214",6,"Buteo jamaicensis",0.307794215058512,0.692205784941488,3135,815,579,790,5319
"215",6,"Bombycilla cedrorum",0.101338432122371,0.898661567877629,4700,316,214,89,5319
"216",6,"Baeolophus bicolor",0.564015965612527,0.435984034387473,1420,1700,137,2062,5319
"217",6,"Junco hyemalis",0.393910860012555,0.606089139987445,1931,892,363,2133,5319
"218",6,"Corvus brachyrhynchos",0.0714977717496609,0.928502228250339,4792,204,165,158,5319
"219",6,"Cathartes aura",0.567274519467718,0.432725480532282,1756,1912,390,1261,5319
"220",6,"Toxostoma rufum",0.520844189682126,0.479155810317874,1839,497,1502,1481,5319
"221",6,"Dumetella carolinensis",0.0814461660707191,0.918553833929281,4624,115,295,285,5319
"222",6,"Icterus galbula",0.148392591015542,0.851607408984458,4000,271,426,622,5319
"223",6,"Piranga olivacea",0.238260514495713,0.761739485504287,3731,600,567,421,5319
"224",6,"Dendroica pensylvanica",0.309671694764862,0.690328305235138,3112,875,521,811,5319
"225",6,"Passer domesticus",0.144292237442922,0.855707762557078,3748,185,447,939,5319
"226",6,"Tyrannus tyrannus",0.141164658634538,0.858835341365462,4277,175,528,339,5319
"227",6,"Setophaga ruticilla",0.262229350441059,0.737770649558941,3680,700,608,331,5319
"228",6,"Hylocichla mustelina",0.162232446489298,0.837767553510702,4188,235,576,320,5319
"229",6,"Troglodytes aedon",0.129917855598789,0.870082144401211,4025,231,370,693,5319
"230",6,"Catharus fuscescens",0.237806154490266,0.762193845509734,3641,512,624,542,5319
"231",6,"Vireo gilvus",0.35691397584422,0.64308602415578,2609,924,524,1262,5319
"232",6,"Carpodacus mexicanus",0.365549493374903,0.634450506625097,2442,978,429,1470,5319
"233",6,"Cyanocitta cristata",0.0443433769187038,0.955656623081296,5043,124,110,42,5319
"234",6,"Colaptes auratus",0.117329216518719,0.882670783481281,4574,285,323,137,5319
"235",6,"Mimus polyglottos",0.485949612403101,0.514050387596899,1061,574,429,3255,5319
"236",6,"Turdus migratorius",0.0265251989389921,0.973474801061008,5138,91,49,41,5319
"237",6,"Empidonax alnorum",0.612609970674487,0.387390029325513,1321,1481,608,1909,5319
"238",6,"Pheucticus ludovicianus",0.195851615476665,0.804148384523335,4032,345,637,305,5319
"239",6,"Seiurus aurocapilla",0.228493495593789,0.771506504406211,3677,726,363,553,5319
"240",6,"Pipilo erythrophthalmus",0.307802776448061,0.692197223551939,2892,420,866,1141,5319
"241",6,"Melospiza georgiana",0.460822342901474,0.539177657098526,2085,974,808,1452,5319
"242",6,"Vireo olivaceus",0.0712239831964865,0.928776016803514,4864,254,119,82,5319
"243",6,"Empidonax minimus",0.353575357535754,0.646424642464246,2938,727,880,774,5319
"244",6,"Hirundo rustica",0.102426412092283,0.897573587907717,4513,113,402,291,5319
"245",6,"Tachycineta bicolor",0.158874878758487,0.841125121241513,4336,505,314,164,5319
"246",6,"Dryocopus pileatus",0.506024096385542,0.493975903614458,2050,1437,663,1169,5319
"247",6,"Quiscalus quiscula",0.093558282208589,0.906441717791411,4728,195,293,103,5319
"248",6,"Vermivora pinus",0.50183284457478,0.49816715542522,1359,839,530,2591,5319
"249",6,"Dendroica petechia",0.118529170090386,0.881470829909614,4291,289,288,451,5319
"250",6,"Passerina cyanea",0.212676352916403,0.787323647083597,3739,485,525,570,5319
"251",6,"Empidonax traillii",0.531159186309332,0.468840813690668,1452,1165,480,2222,5319
"252",6,"Progne subis",0.704945515507125,0.295054484492875,352,230,611,4126,5319
"253",6,"Sturnella magna",0.33919394103327,0.66080605896673,2443,191,1063,1622,5319
"254",6,"Dolichonyx oryzivorus",0.245905969360803,0.754094030639197,2855,322,609,1533,5319
"255",6,"Sturnus vulgaris",0.08,0.92,4393,154,228,544,5319
"256",6,"Megascops asio",0.742634797109505,0.257365202890495,463,674,662,3520,5319
"257",6,"Columba livia",0.219720312870348,0.780279687129652,3292,448,479,1100,5319
"258",6,"Picoides pubescens",0.198048780487805,0.801951219512195,4110,564,451,194,5319
"259",6,"Spizella pusilla",0.295908658420552,0.704091341579448,2960,313,931,1115,5319
"260",6,"Empidonax virescens",0.813609467455621,0.186390532544379,63,176,99,4981,5319
"261",6,"Geothlypis trichas",0.0452137722285282,0.954786227771472,5047,112,127,33,5319
"262",6,"Dendroica fusca",0.482381530984204,0.517618469015796,1278,758,433,2850,5319
"263",6,"Passerculus sandwichensis",0.308356545961003,0.691643454038997,2483,585,522,1729,5319
"264",6,"Contopus virens",0.215879396984925,0.784120603015075,3901,439,635,344,5319
"265",6,"Dendroica magnolia",0.493645750595711,0.506354249404289,1275,837,406,2801,5319
"266",6,"Sphyrapicus varius",0.453659894238798,0.546340105761202,1963,1389,241,1726,5319
"267",6,"Molothrus ater",0.201649484536082,0.798350515463918,3872,332,646,469,5319
"268",6,"Sayornis phoebe",0.178615071283096,0.821384928716904,4033,628,249,409,5319
"269",6,"Wilsonia citrina",0.74914089347079,0.25085910652921,292,743,129,4155,5319
"270",6,"Carpodacus purpureus",0.446169007144617,0.553830992855383,2248,912,899,1260,5319
"271",6,"Myiarchus crinitus",0.264452644526445,0.735547355473555,3588,574,716,441,5319
"272",6,"Coccyzus americanus",0.762832699619772,0.237167300380228,499,823,782,3215,5319
"273",6,"Sitta canadensis",0.553662073966642,0.446337926033357,1231,1069,458,2561,5319
"274",6,"Seiurus motacilla",0.676223776223776,0.323776223776224,463,375,592,3889,5319
"275",6,"Zenaida macroura",0.113025641025641,0.886974358974359,4324,473,78,444,5319
"276",6,"Chaetura pelagica",0.499089726918075,0.500910273081925,1926,723,1196,1474,5319
"277",6,"Oporornis philadelphia",0.628722382324688,0.371277617675312,773,685,624,3237,5319
"278",6,"Megaceryle alcyon",0.407144394232838,0.592855605767162,2755,833,1059,672,5319
"279",6,"Riparia riparia",0.680826188620421,0.319173811379579,819,601,1146,2753,5319
"280",6,"Spinus tristis",0.085057026870288,0.914942973129712,4733,263,177,146,5319
"281",6,"Poecile atricapillus",0.037943464238285,0.962056535761715,5071,124,76,48,5319
"282",6,"Melospiza melodia",0.0371704911814906,0.962829508818509,5077,80,116,46,5319
"283",6,"Dendroica caerulescens",0.44216816047802,0.55783183952198,1307,606,430,2976,5319
"284",6,"Dendroica coronata",0.452972632903429,0.547027367096571,1739,1086,354,2140,5319
"285",6,"Spizella passerina",0.0835134604047947,0.916486539595205,4664,220,205,230,5319
"286",6,"Melanerpes carolinus",0.616294349540079,0.383705650459921,876,1305,102,3036,5319
"287",6,"Sialia sialis",0.488034807831762,0.511965192168238,2118,1677,342,1182,5319
"288",6,"Falco sparverius",0.387826961770624,0.612173038229376,2434,526,1016,1343,5319
"289",6,"Certhia americana",0.634816753926702,0.365183246073298,1116,1020,920,2263,5319
"290",6,"Sitta carolinensis",0.257355904877066,0.742644095122934,3685,700,577,357,5319
"291",6,"Charadrius vociferus",0.225390984360626,0.774609015639374,3368,409,571,971,5319
"292",6,"Archilochus colubris",0.373140582442908,0.626859417557092,2992,1255,526,546,5319
"293",6,"Dendroica virens",0.402180318208603,0.597819681791397,2029,1020,345,1925,5319
"294",6,"Meleagris gallopavo",0.684077718899823,0.315922281100177,1252,2396,315,1356,5319
"295",6,"Accipiter cooperii",0.881316098707403,0.118683901292597,202,1152,348,3617,5319
"296",6,"Picoides villosus",0.353804233913226,0.646195766086774,3083,1004,684,548,5319
"297",6,"Vireo solitarius",0.498172150216019,0.501827849783981,1510,1118,381,2310,5319
"298",6,"Icterus spurius",0.843100189035917,0.156899810964083,83,306,140,4790,5319
"299",6,"Buteo lineatus",0.827095808383234,0.172904191616766,231,634,471,3983,5319
"300",6,"Accipiter gentilis",0.9039780521262,0.0960219478737997,70,285,374,4590,5319
"301",6,"Seiurus noveboracensis",0.751753912574204,0.248246087425796,460,719,674,3466,5319
"302",6,"Troglodytes troglodytes",0.569047619047619,0.430952380952381,905,891,304,3219,5319
"303",6,"Catharus guttatus",0.447886414972572,0.552113585027428,1711,1012,376,2220,5319
"304",6,"Coccyzus erythropthalmus",0.716993254095728,0.283006745904272,881,1150,1082,2206,5319
"305",6,"Stelgidopteryx serripennis",0.677505738332058,0.322494261667942,843,1050,721,2705,5319
"306",6,"Accipiter striatus",0.849273910866299,0.150726089133701,301,1138,558,3322,5319
"307",6,"Actitis macularius",0.697146785837057,0.302853214162943,881,888,1140,2410,5319
"308",6,"Anas rubripes",0.7911434236616,0.208856576338401,316,411,786,3806,5319
"309",6,"Gallinago delicata",0.718586387434555,0.281413612565445,430,559,539,3791,5319
"310",6,"Protonotaria citrea",0.935483870967742,0.0645161290322581,2,9,20,5288,5319
"311",6,"Scolopax minor",0.729537366548043,0.270462633451957,836,1165,1090,2228,5319
"312",6,"Fulica americana",0.838461538461538,0.161538461538462,21,58,51,5189,5319
"313",6,"Circus cyaneus",0.78246539222149,0.21753460777851,330,587,600,3802,5319
"314",6,"Phasianus colchicus",0.685510688836104,0.314489311163896,662,406,1037,3214,5319
"315",6,"Petrochelidon pyrrhonota",0.719107240065324,0.280892759934676,516,587,734,3482,5319
"316",6,"Ammodramus henslowii",0.955,0.045,18,52,330,4919,5319
"317",6,"Bubo virginianus",0.707027027027027,0.292972972972973,813,808,1154,2544,5319
"318",6,"Melanerpes erythrocephalus",0.909783989834816,0.0902160101651842,71,96,620,4532,5319
"319",6,"Zonotrichia albicollis",0.36501325255585,0.63498674744415,1677,311,653,2678,5319
"320",6,"Thryothorus ludovicianus",0.81838905775076,0.18161094224924,239,1011,66,4003,5319
"321",6,"Lophodytes cucullatus",0.861641221374046,0.138358778625954,145,664,239,4271,5319
"322",6,"Strix varia",0.757387988560534,0.242612011439466,509,1023,566,3221,5319
"323",6,"Coccothraustes vespertinus",0.828516377649326,0.171483622350674,89,269,161,4800,5319
"324",6,"Haliaeetus leucocephalus",0.963282937365011,0.0367170626349892,17,428,18,4856,5319
"325",6,"Wilsonia canadensis",0.640018273184102,0.359981726815898,788,506,895,3130,5319
"326",6,"Spinus pinus",0.842618384401114,0.157381615598886,113,305,300,4601,5319
"327",6,"Pooecetes gramineus",0.793103448275862,0.206896551724138,288,276,828,3927,5319
"328",6,"Bartramia longicauda",0.838768115942029,0.161231884057971,89,76,387,4767,5319
"329",6,"Mniotilta varia",0.427107061503417,0.572892938496583,2012,738,762,1807,5319
"330",6,"Porzana carolina",0.851769911504425,0.148230088495575,67,211,174,4867,5319
"331",6,"Colinus virginianus",0.669902912621359,0.330097087378641,102,73,134,5010,5319
"332",6,"Polioptila caerulea",0.682037164487268,0.317962835512732,462,577,414,3866,5319
"333",6,"Ammodramus savannarum",0.819090909090909,0.180909090909091,199,278,623,4219,5319
"334",6,"Eremophila alpestris",0.661218424962853,0.338781575037147,456,242,648,3973,5319
"335",6,"Mergus merganser",0.775175644028103,0.224824355971897,288,811,182,4038,5319
"336",6,"Anas discors",0.878787878787879,0.121212121212121,68,101,392,4758,5319
"337",6,"Cistothorus palustris",0.710601719197708,0.289398280802292,202,259,237,4621,5319
"338",6,"Rallus limicola",0.806375442739079,0.193624557260921,164,389,294,4472,5319
"339",6,"Cistothorus platensis",0.942622950819672,0.0573770491803279,7,65,50,5197,5319
"340",6,"Ixobrychus exilis",0.821739130434783,0.178260869565217,41,88,101,5089,5319
"341",6,"Vermivora ruficapilla",0.647478591817317,0.352521408182683,741,627,734,3217,5319
"342",6,"Vireo griseus",0.671936758893281,0.328063241106719,83,79,91,5066,5319
"343",6,"Vireo flavifrons",0.633909742724589,0.366090257275411,868,692,811,2948,5319
"344",6,"Regulus satrapa",0.679872204472843,0.320127795527157,501,592,472,3754,5319
"345",6,"Corvus corax",0.872296601441813,0.127703398558187,248,1629,65,3377,5319
"346",6,"Chordeiles minor",0.917253521126761,0.0827464788732394,47,91,430,4751,5319
"347",6,"Catharus ustulatus",0.525171624713959,0.474828375286041,415,171,288,4445,5319
"348",6,"Parula americana",0.676970633693972,0.323029366306028,209,305,133,4672,5319
"349",6,"Podilymbus podiceps",0.882793017456359,0.117206982543641,47,219,135,4918,5319
"350",6,"Pandion haliaetus",0.807810894141829,0.192189105858171,187,638,148,4346,5319
"351",6,"Aythya collaris",0.900763358778626,0.099236641221374,13,84,34,5188,5319
"352",6,"Oxyura jamaicensis",0.91304347826087,0.0869565217391304,2,16,5,5296,5319
"353",6,"Botaurus lentiginosus",0.812206572769953,0.187793427230047,160,318,374,4467,5319
"354",6,"Gavia immer",0.500840336134454,0.499159663865546,297,226,72,4724,5319
"355",6,"Dendroica pinus",0.817666126418152,0.182333873581848,225,886,123,4085,5319
"356",6,"Spizella pallida",0.942528735632184,0.0574712643678161,5,64,18,5232,5319
"357",6,"Cygnus olor",0.641304347826087,0.358695652173913,165,242,53,4859,5319
"358",6,"Spiza americana",1,0,0,6,1,5312,5319
"359",6,"Dendroica cerulea",0.780885780885781,0.219114219114219,94,150,185,4890,5319
"360",6,"Gallinula chloropus",0.796992481203008,0.203007518796992,81,111,207,4920,5319
"361",6,"Icteria virens",0.958041958041958,0.041958041958042,6,21,116,5176,5319
"362",6,"Asio otus",0.984251968503937,0.015748031496063,2,46,79,5192,5319
"363",6,"Anas strepera",0.775401069518717,0.224598930481283,42,73,72,5132,5319
"364",6,"Anas americana",0.857142857142857,0.142857142857143,8,14,34,5263,5319
"365",6,"Anas crecca",0.918604651162791,0.0813953488372093,14,52,106,5147,5319
"366",6,"Larus marinus",0.63,0.37,37,30,33,5219,5319
"367",6,"Hydropogne caspia",1,0,0,5,3,5311,5319
"368",6,"Vermivora chrysoptera",0.880597014925373,0.119402985074627,96,204,504,4515,5319
"369",6,"Larus argentatus",0.696103896103896,0.303896103896104,117,117,151,4934,5319
"370",6,"Sterna hirundo",0.596491228070176,0.403508771929825,69,50,52,5148,5319
"371",6,"Dendroica discolor",0.62382176520994,0.37617823479006,439,436,292,4152,5319
"372",6,"Aegolius acadicus",0.950381679389313,0.049618320610687,13,133,116,5057,5319
"373",6,"Tyto alba",0.915492957746479,0.0845070422535211,12,16,114,5177,5319
"374",6,"Oporornis formosus",0.936170212765957,0.0638297872340425,3,8,36,5272,5319
"375",6,"Rallus elegans",0.888888888888889,0.111111111111111,1,4,4,5310,5319
"376",6,"Regulus calendula",0.850793650793651,0.149206349206349,47,128,140,5004,5319
"377",6,"Falco peregrinus",0.923728813559322,0.076271186440678,9,101,8,5201,5319
"378",6,"Larus delawarensis",0.830508474576271,0.169491525423729,10,21,28,5260,5319
"379",6,"Phalacrocorax auritus",0.93010752688172,0.0698924731182796,13,164,9,5133,5319
"380",6,"Ardea alba",0.794520547945206,0.205479452054795,30,81,35,5173,5319
"381",6,"Nycticorax nycticorax",0.734328358208955,0.265671641791045,89,124,122,4984,5319
"382",6,"Aquila chrysaetos",1,0,0,9,8,5302,5319
"383",6,"Anas clypeata",0.871794871794872,0.128205128205128,5,20,14,5280,5319
"384",6,"Egretta thula",0.666666666666667,0.333333333333333,38,20,56,5205,5319
"385",6,"Caprimulgus vociferus",0.819383259911894,0.180616740088106,123,117,441,4638,5319
"386",6,"Asio flammeus",0.947368421052632,0.0526315789473684,3,21,33,5262,5319
"387",6,"Dendroica dominica",1,0,0,5,3,5311,5319
"388",6,"Helmitheros vermivorum",0.634146341463415,0.365853658536585,120,103,105,4991,5319
"389",6,"Chlidonias niger",0.63953488372093,0.36046511627907,31,13,42,5233,5319
"390",6,"Loxia curvirostra",0.914675767918089,0.0853242320819113,25,59,209,5026,5319
"391",6,"Anas acuta",0.902439024390244,0.0975609756097561,4,6,31,5278,5319
"392",6,"Aythya americana",0.952380952380952,0.0476190476190476,1,13,7,5298,5319
"393",6,"Aythya affinis",1,0,0,2,3,5314,5319
"394",6,"Lanius ludovicianus",1,0,0,4,24,5291,5319
"395",6,"Sturnella neglecta",1,0,0,1,6,5312,5319
"396",6,"Loxia leucoptera",0.801608579088472,0.198391420911528,74,164,135,4946,5319
"397",6,"Corvus ossifragus",0.658291457286432,0.341708542713568,136,188,74,4921,5319
"398",6,"Mergus serrator",0.896551724137931,0.103448275862069,3,15,11,5290,5319
"399",6,"Bucephala clangula",0.829787234042553,0.170212765957447,8,23,16,5272,5319
"400",6,"Aythya valisineria",1,0,0,1,1,5317,5319
"401",6,"Bubulcus ibis",0.92,0.08,2,5,18,5294,5319
"402",6,"Perdix perdix",0.951219512195122,0.0487804878048781,2,5,34,5278,5319
"403",6,"Charadrius melodus",0.4375,0.5625,54,22,20,5223,5319
"404",6,"Contopus cooperi",0.691419141914191,0.308580858085809,187,127,292,4713,5319
"405",6,"Empidonax flaviventris",0.739130434782609,0.260869565217391,96,176,96,4951,5319
"406",6,"Vireo philadelphicus",0.936936936936937,0.0630630630630631,7,65,39,5208,5319
"407",6,"Melospiza lincolnii",0.666666666666667,0.333333333333333,129,110,148,4932,5319
"408",6,"Euphagus carolinus",0.792792792792793,0.207207207207207,46,71,105,5097,5319
"409",6,"Poecile hudsonicus",0.668367346938776,0.331632653061224,65,73,58,5123,5319
"410",6,"Picoides arcticus",0.782828282828283,0.217171717171717,43,84,71,5121,5319
"411",6,"Picoides dorsalis",0.942857142857143,0.0571428571428571,2,13,20,5284,5319
"412",6,"Dendroica castanea",1,0,0,12,32,5275,5319
"413",6,"Dendroica striata",0.702702702702703,0.297297297297297,55,60,70,5134,5319
"414",6,"Perisoreus canadensis",0.67948717948718,0.320512820512821,50,61,45,5163,5319
"415",6,"Vermivora peregrina",1,0,0,28,27,5264,5319
"416",6,"Falcipennis canadensis",0.657142857142857,0.342857142857143,12,8,15,5284,5319
"417",6,"Dendroica palmarum",1,0,0,43,1,5275,5319
"418",6,"Catharus bicknelli",0.608695652173913,0.391304347826087,27,30,12,5250,5319
"419",6,"Dendroica tigrina",0.933333333333333,0.0666666666666667,2,12,16,5289,5319
"420",6,"Passerina caerulea",1,0,0,9,4,5306,5319
"421",6,"Wilsonia pusilla",1,0,0,2,3,5314,5319
"422",6,"Myiopsitta monachus",1,0,0,15,3,5301,5319
"423",6,"Caprimulgus carolinensis",0.884615384615385,0.115384615384615,3,5,18,5293,5319
"424",6,"Ammodramus caudacutus",0.435294117647059,0.564705882352941,48,13,24,5234,5319
"425",6,"Rallus longirostris",0.556962025316456,0.443037974683544,35,21,23,5240,5319
"426",6,"Quiscalus major",0.923076923076923,0.0769230769230769,3,35,1,5280,5319
"427",6,"Leucophaeus atricilla",0.914285714285714,0.0857142857142857,3,3,29,5284,5319
"428",6,"Haematopus palliatus",0.430555555555556,0.569444444444444,41,27,4,5247,5319
"429",6,"Plegadis falcinellus",0.712121212121212,0.287878787878788,19,19,28,5253,5319
"430",6,"Tringa semipalmata",0.548780487804878,0.451219512195122,37,39,6,5237,5319
"431",6,"Nyctanassa violacea",0.69811320754717,0.30188679245283,16,13,24,5266,5319
"432",6,"Ammodramus maritimus",0.526315789473684,0.473684210526316,27,9,21,5262,5319
"433",6,"Egretta caerulea",0.878787878787879,0.121212121212121,4,14,15,5286,5319
"434",6,"Egretta tricolor",0.666666666666667,0.333333333333333,6,7,5,5301,5319
"435",6,"Piranga rubra",0.8,0.2,1,2,2,5314,5319
"436",6,"Anas platyrhynchos x A. rubripes",0,1,1,0,0,5318,5319
"437",6,"Sternula antillarum",0.45,0.55,55,14,31,5219,5319
"438",6,"Rynchops niger",0.708333333333333,0.291666666666667,14,11,23,5271,5319
"439",6,"Gelochelidon nilotica",0.857142857142857,0.142857142857143,1,4,2,5312,5319
"440",6,"Sterna forsteri",0.909090909090909,0.0909090909090909,1,9,1,5308,5319
"441",6,"Vermivora chrysoptera x V. pinus",0,1,1,0,0,5318,5319
"442",6,"Sterna dougallii",0.55,0.45,9,2,9,5299,5319
"443",6,"Laterallus jamaicensis",0,1,1,0,0,5318,5319
"444",13,"Amaurornis phoenicurus",0.842105263157895,0.157894736842105,3,16,0,1165,1184
"445",13,"Actitis hypoleucos",0.73134328358209,0.26865671641791,108,124,170,782,1184
"446",13,"Anas zonorhyncha",0.524064171122995,0.475935828877005,267,186,108,623,1184
"447",13,"Ardea cinerea",0.854938271604938,0.145061728395062,94,534,20,536,1184
"448",13,"Ardea purpurea",0.9,0.1,1,6,3,1174,1184
"449",13,"Ardea alba",0.788679245283019,0.211320754716981,56,195,14,919,1184
"450",13,"Columba janthina",0.771428571428571,0.228571428571429,8,15,12,1149,1184
"451",13,"Charadrius dubius",0.65615141955836,0.34384858044164,109,111,97,867,1184
"452",13,"Egretta garzetta",0.535433070866142,0.464566929133858,177,136,68,803,1184
"453",13,"Egretta intermedia",0.770731707317073,0.229268292682927,47,112,46,979,1184
"454",13,"Zosterops japonicus",0.372093023255814,0.627906976744186,567,258,78,281,1184
"455",13,"Passer montanus",0.236526946107784,0.763473053892216,765,107,130,182,1184
"456",13,"Ixobrychus cinnamomeus",0.777777777777778,0.222222222222222,2,3,4,1175,1184
"457",13,"Terpsiphone atrocaudata",0.620087336244541,0.379912663755459,174,149,135,726,1184
"458",13,"Hypsipetes amaurotis",0.109304426377597,0.890695573622403,986,107,14,77,1184
"459",13,"Streptopelia orientalis",0.16199649737303,0.83800350262697,957,119,66,42,1184
"460",13,"Cisticola juncidis",0.437158469945355,0.562841530054645,206,56,104,818,1184
"461",13,"Motacilla cinerea",0.349503858875413,0.650496141124587,590,187,130,277,1184
"462",13,"Lanius bucephalus",0.426078028747433,0.573921971252567,559,133,282,210,1184
"463",13,"Cettia diphone",0.0911458333333334,0.908854166666667,1047,88,17,32,1184
"464",13,"Turnix suscitator",0.588235294117647,0.411764705882353,7,8,2,1167,1184
"465",13,"Treron formosae",0.363636363636364,0.636363636363636,21,10,2,1151,1184
"466",13,"Pycnonotus sinensis",0.833333333333333,0.166666666666667,2,9,1,1172,1184
"467",13,"Hirundo tahitica",0.296296296296296,0.703703703703704,19,8,0,1157,1184
"468",13,"Bubulcus ibis",0.740890688259109,0.259109311740891,64,139,44,937,1184
"469",13,"Charadrius alexandrinus",0.75609756097561,0.24390243902439,40,38,86,1020,1184
"470",13,"Emberiza cioides",0.092678405931418,0.907321594068582,979,44,56,105,1184
"471",13,"Chalcophaps indica",0.666666666666667,0.333333333333333,2,3,1,1178,1184
"472",13,"Motacilla flava",1,0,0,14,2,1168,1184
"473",13,"Hirundo rustica",0.227633069082673,0.772366930917327,682,85,116,301,1184
"474",13,"Alcedo atthis",0.696461824953445,0.303538175046555,163,242,132,647,1184
"475",13,"Saxicola torquatus",0.537549407114625,0.462450592885375,117,81,55,931,1184
"476",13,"Parus minor",0.157942238267148,0.842057761732852,933,116,59,76,1184
"477",13,"Motacilla alba",0.598230088495575,0.401769911504425,227,272,66,619,1184
"478",13,"Egretta sacra",0.790123456790123,0.209876543209877,17,34,30,1103,1184
"479",13,"Sula leucogaster",1,0,0,4,3,1177,1184
"480",13,"Lanius cristatus",0.934959349593496,0.0650406504065041,8,17,98,1061,1184
"481",13,"Halcyon coromanda",0.655844155844156,0.344155844155844,106,125,77,876,1184
"482",13,"Corvus macrorhynchos",0.28039041703638,0.71960958296362,811,235,81,57,1184
"483",13,"Monticola solitarius",0.558490566037736,0.441509433962264,117,85,63,919,1184
"484",13,"Ficedula narcissina",0.438418079096045,0.561581920903955,497,280,108,299,1184
"485",13,"Gallinula chloropus",0.650847457627119,0.349152542372881,103,83,109,889,1184
"486",13,"Pericrocotus divaricatus",0.651270207852194,0.348729792147806,151,93,189,751,1184
"487",13,"Porzana fusca",0.911917098445596,0.0880829015544041,17,34,142,991,1184
"488",13,"Sterna sumatrana",0.5625,0.4375,7,6,3,1168,1184
"489",13,"Sterna albifrons",0.525974025974026,0.474025974025974,73,33,48,1030,1184
"490",13,"Nycticorax nycticorax",0.629242819843342,0.370757180156658,142,167,74,801,1184
"491",13,"Apus nipalensis",0.885714285714286,0.114285714285714,8,58,4,1114,1184
"492",13,"Cuculus poliocephalus",0.443167305236271,0.556832694763729,436,195,152,401,1184
"493",13,"Tringa totanus",0.875,0.125,2,10,4,1168,1184
"494",13,"Sterna dougallii",0.9,0.1,1,7,2,1174,1184
"495",13,"Poecile varius",0.355216881594373,0.644783118405627,550,246,57,331,1184
"496",13,"Anas crecca",0.916030534351145,0.083969465648855,11,84,36,1053,1184
"497",13,"Pandion haliaetus",0.83203125,0.16796875,43,179,34,928,1184
"498",13,"Glareola maldivarum",0.909090909090909,0.0909090909090909,2,15,5,1162,1184
"499",13,"Delichon dasypus",0.629496402877698,0.370503597122302,206,215,135,628,1184
"500",13,"Hirundo daurica",0.691489361702128,0.308510638297872,87,66,129,902,1184
"501",13,"Rallus aquaticus",0.923076923076923,0.0769230769230769,3,20,16,1145,1184
"502",13,"Columba livia",0.72168284789644,0.27831715210356,86,98,125,875,1184
"503",13,"Luscinia komadori",0.285714285714286,0.714285714285714,10,3,1,1170,1184
"504",13,"Dendrocopos kizuki",0.340216322517207,0.659783677482793,671,264,82,167,1184
"505",13,"Phalacrocorax carbo",0.926174496644295,0.0738255033557047,11,137,1,1035,1184
"506",13,"Eophona personata",0.485436893203884,0.514563106796116,371,201,149,463,1184
"507",13,"Tachybaptus ruficollis",0.568922305764411,0.431077694235589,172,108,119,785,1184
"508",13,"Anas platyrhynchos",0.820224719101124,0.179775280898876,48,172,47,917,1184
"509",13,"Vanellus vanellus",1,0,0,29,8,1147,1184
"510",13,"Anas querquedula",1,0,0,9,16,1159,1184
"511",13,"Acrocephalus orientalis",0.501039501039501,0.498960498960499,240,128,113,703,1184
"512",13,"Butorides striata",0.769230769230769,0.230769230769231,39,69,61,1015,1184
"513",13,"Spodiopsar cineraceus",0.462857142857143,0.537142857142857,376,159,165,484,1184
"514",13,"Himantopus himantopus",0.939393939393939,0.0606060606060606,2,26,5,1151,1184
"515",13,"Emberiza spodocephala",0.42332268370607,0.57667731629393,361,153,112,558,1184
"516",13,"Corvus corone",0.245070422535211,0.754929577464789,804,131,130,119,1184
"517",13,"Phasianus colchicus",0.496987951807229,0.503012048192771,334,164,166,520,1184
"518",13,"Sapheopipo noguchii",0.666666666666667,0.333333333333333,1,2,0,1181,1184
"519",13,"Carduelis spinus",0.900900900900901,0.0990990990990991,11,70,30,1073,1184
"520",13,"Tarsiger cyanurus",0.739583333333333,0.260416666666667,50,110,32,992,1184
"521",13,"Turdus chrysolaus",0.529411764705882,0.470588235294118,232,156,105,691,1184
"522",13,"Scolopax mira",1,0,0,2,1,1181,1184
"523",13,"Motacilla grandis",0.487381703470032,0.512618296529968,325,167,142,550,1184
"524",13,"Garrulus lidthi",0,1,5,0,0,1179,1184
"525",13,"Apus pacificus",0.762569832402235,0.237430167597765,85,155,118,826,1184
"526",13,"Eurystomus orientalis",0.841584158415842,0.158415841584158,16,28,57,1083,1184
"527",13,"Acrocephalus bistrigiceps",0.608333333333333,0.391666666666667,94,68,78,944,1184
"528",13,"Urosphena squameiceps",0.354347826086956,0.645652173913044,594,240,86,264,1184
"529",13,"Milvus migrans",0.311507936507937,0.688492063492063,694,169,145,176,1184
"530",13,"Locustella pleskei",0.923076923076923,0.0769230769230769,1,8,4,1171,1184
"531",13,"Bambusicola thoracicus",0.350293542074364,0.649706457925636,332,50,129,673,1184
"532",13,"Treron sieboldii",0.617094017094017,0.382905982905983,224,259,102,599,1184
"533",13,"Troglodytes troglodytes",0.532163742690059,0.467836257309941,240,215,58,671,1184
"534",13,"Hierococcyx hyperythrus",0.663072776280323,0.336927223719677,125,117,129,813,1184
"535",13,"Periparus ater",0.386831275720165,0.613168724279835,447,178,104,455,1184
"536",13,"Chloris sinica",0.224431818181818,0.775568181818182,819,168,69,128,1184
"537",13,"Garrulus glandarius",0.327664399092971,0.672335600907029,593,149,140,302,1184
"538",13,"Phylloscopus xanthodryas",0.795640326975477,0.204359673024523,75,185,107,817,1184
"539",13,"Muscicapa dauurica",0.790502793296089,0.209497206703911,75,139,144,826,1184
"540",13,"Luscinia akahige",0.633333333333333,0.366666666666667,99,113,58,914,1184
"541",13,"Cuculus canorus",0.450899031811895,0.549100968188105,397,100,226,461,1184
"542",13,"Phalacrocorax capillatus",0.809090909090909,0.190909090909091,21,63,26,1074,1184
"543",13,"Cyanoptila cyanomelana",0.302690582959641,0.697309417040359,622,182,88,292,1184
"544",13,"Alauda arvensis",0.410138248847926,0.589861751152074,384,115,152,533,1184
"545",13,"Aegithalos caudatus",0.423963133640553,0.576036866359447,500,229,139,316,1184
"546",13,"Phylloscopus coronatus",0.466265060240964,0.533734939759036,443,179,208,354,1184
"547",13,"Megaceryle lugubris",0.788856304985337,0.211143695014663,72,105,164,843,1184
"548",13,"Hirundapus caudacutus",0.83710407239819,0.16289592760181,36,59,126,963,1184
"549",13,"Cinclus pallasii",0.578034682080925,0.421965317919075,219,109,191,665,1184
"550",13,"Calonectris leucomelas",0.789473684210526,0.210526315789474,4,8,7,1165,1184
"551",13,"Sitta europaea",0.597701149425287,0.402298850574713,175,165,95,749,1184
"552",13,"Syrmaticus soemmerringii",0.773743016759777,0.226256983240223,81,117,160,826,1184
"553",13,"Cuculus optatus",0.38,0.62,496,201,103,384,1184
"554",13,"Larus crassirostris",0.573275862068966,0.426724137931034,99,76,57,952,1184
"555",13,"Luscinia calliope",0.581818181818182,0.418181818181818,46,46,18,1074,1184
"556",13,"Pernis ptilorhynchus",0.945,0.055,11,139,50,984,1184
"557",13,"Anas falcata",0.885245901639344,0.114754098360656,7,41,13,1123,1184
"558",13,"Anas strepera",0.948717948717949,0.0512820512820513,2,35,2,1145,1184
"559",13,"Anthus hodgsoni",0.68956043956044,0.31043956043956,113,137,114,820,1184
"560",13,"Aix galericulata",0.884955752212389,0.115044247787611,26,145,55,958,1184
"561",13,"Anas clypeata",0.94,0.06,3,38,9,1134,1184
"562",13,"Poecile montanus",0.632352941176471,0.367647058823529,175,144,157,708,1184
"563",13,"Emberiza variabilis",0.790123456790123,0.209876543209877,34,96,32,1022,1184
"564",13,"Coccothraustes coccothraustes",0.811023622047244,0.188976377952756,48,140,66,930,1184
"565",13,"Aythya fuligula",0.855555555555556,0.144444444444444,13,57,20,1094,1184
"566",13,"Emberiza fucata",0.679180887372014,0.320819112627986,94,67,132,891,1184
"567",13,"Emberiza elegans",0.981481481481482,0.0185185185185185,1,42,11,1130,1184
"568",13,"Turdus cardis",0.518282988871224,0.481717011128776,303,218,108,555,1184
"569",13,"Certhia familiaris",0.875,0.125,13,53,38,1080,1184
"570",13,"Podiceps grisegena",0.885714285714286,0.114285714285714,4,18,13,1149,1184
"571",13,"Passer rutilans",0.563636363636364,0.436363636363636,96,89,35,964,1184
"572",13,"Pitta nympha",0.970588235294118,0.0294117647058824,1,29,4,1150,1184
"573",13,"Emberiza schoeniclus",0.67032967032967,0.32967032967033,30,40,21,1093,1184
"574",13,"Ixobrychus sinensis",0.778947368421053,0.221052631578947,21,32,42,1089,1184
"575",13,"Pyrrhula pyrrhula",0.744075829383886,0.255924170616114,54,101,56,973,1184
"576",13,"Charadrius placidus",0.777173913043478,0.222826086956522,41,67,76,1000,1184
"577",13,"Rostratula benghalensis",0.819047619047619,0.180952380952381,19,25,61,1079,1184
"578",13,"Riparia riparia",0.727272727272727,0.272727272727273,27,45,27,1085,1184
"579",13,"Muscicapa sibirica",0.931506849315068,0.0684931506849315,5,26,42,1111,1184
"580",13,"Amandava amandava",0.978260869565217,0.0217391304347826,1,2,43,1138,1184
"581",13,"Melopsittacus undulatus",1,0,0,2,19,1163,1184
"582",13,"Pica pica",0.714285714285714,0.285714285714286,8,15,5,1156,1184
"583",13,"Scolopax rusticola",0.851851851851852,0.148148148148148,12,32,37,1103,1184
"584",13,"Podiceps cristatus",0.978723404255319,0.0212765957446809,1,42,4,1137,1184
"585",13,"Vanellus cinereus",0.69672131147541,0.30327868852459,37,61,24,1062,1184
"586",13,"Gorsachius goisagi",0.895833333333333,0.104166666666667,5,20,23,1136,1184
"587",13,"Agropsar philippensis",0.701754385964912,0.298245614035088,85,70,130,899,1184
"588",13,"Emberiza yessoensis",0.5,0.5,9,5,4,1166,1184
"589",13,"Psittacula krameri",1,0,0,1,5,1178,1184
"590",13,"Lanius tigrinus",0.948275862068966,0.0517241379310345,3,9,46,1126,1184
"591",13,"Fulica atra",0.732394366197183,0.267605633802817,19,37,15,1113,1184
"592",13,"Aythya ferina",0.943661971830986,0.0563380281690141,4,59,8,1113,1184
"593",13,"Synthliboramphus wumizusume",0.857142857142857,0.142857142857143,1,3,3,1177,1184
"594",13,"Luscinia cyane",0.5,0.5,238,150,88,708,1184
"595",13,"Regulus regulus",0.8125,0.1875,36,104,52,992,1184
"596",13,"Larus schistisagus",0.776859504132231,0.223140495867769,27,79,15,1063,1184
"597",13,"Jynx torquilla",0.855670103092784,0.144329896907216,14,41,42,1087,1184
"598",13,"Nucifraga caryocatactes",0.746835443037975,0.253164556962025,20,24,35,1105,1184
"599",13,"Gallinago hardwickii",0.5625,0.4375,112,72,72,928,1184
"600",13,"Uragus sibiricus",0.472103004291845,0.527896995708155,123,79,31,951,1184
"601",13,"Mergellus albellus",1,0,0,28,1,1155,1184
"602",13,"Phalacrocorax pelagicus",0.80952380952381,0.19047619047619,4,12,5,1163,1184
"603",13,"Histrionicus histrionicus",0.833333333333333,0.166666666666667,5,23,2,1154,1184
"604",13,"Synthliboramphus antiquus",1,0,0,4,5,1175,1184
"605",13,"Phylloscopus borealoides",0.631736526946108,0.368263473053892,123,116,95,850,1184
"606",13,"Loxia curvirostra",0.955555555555556,0.0444444444444444,2,35,8,1139,1184
"607",13,"Emberiza sulphurata",0.67065868263473,0.329341317365269,55,64,48,1017,1184
"608",13,"Dendrocopos minor",0.90625,0.09375,3,18,11,1152,1184
"609",13,"Coturnix japonica",0.94,0.06,3,3,44,1134,1184
"610",13,"Botaurus stellaris",1,0,0,7,1,1176,1184
"611",13,"Prunella rubida",0.67741935483871,0.32258064516129,20,20,22,1122,1184
"612",13,"Oceanodroma monorhis",0.666666666666667,0.333333333333333,1,1,1,1181,1184
"613",13,"Emberiza aureola",0.847457627118644,0.152542372881356,9,7,43,1125,1184
"614",13,"Mergus merganser",0.945205479452055,0.0547945205479452,4,56,13,1111,1184
"615",13,"Porzana pusilla",1,0,0,1,5,1178,1184
"616",13,"Locustella fasciolata",0.527272727272727,0.472727272727273,78,45,42,1019,1184
"617",13,"Cyanopica cyanus",0.582887700534759,0.417112299465241,78,26,83,997,1184
"618",13,"Prunella collaris",0.676470588235294,0.323529411764706,11,13,10,1150,1184
"619",13,"Locustella ochotensis",0.72463768115942,0.27536231884058,19,28,22,1115,1184
"620",13,"Lagopus muta",0.571428571428571,0.428571428571429,3,0,4,1177,1184
"621",13,"Locustella lanceolata",0.791666666666667,0.208333333333333,10,15,23,1136,1184
"622",13,"Streptopelia decaocto",0.666666666666667,0.333333333333333,4,8,0,1172,1184
"623",13,"Locustella pryeri",0.7,0.3,3,3,4,1174,1184
"624",13,"Oceanodroma leucorhoa",0.6,0.4,2,2,1,1179,1184
"625",13,"Oceanodroma castro",0,1,1,0,0,1183,1184
"626",13,"Tetrastes bonasia",0.833333333333333,0.166666666666667,17,32,53,1082,1184
"627",13,"Poecile palustris",0.481132075471698,0.518867924528302,110,86,16,972,1184
"628",13,"Grus japonensis",0.5,0.5,13,11,2,1158,1184
"629",13,"Cepphus carbo",0.875,0.125,1,4,3,1176,1184
"630",13,"Pinicola enucleator",0.857142857142857,0.142857142857143,1,3,3,1177,1184
"631",13,"Uria aalge",1,0,0,5,2,1177,1184
"632",13,"Phalacrocorax urile",0.666666666666667,0.333333333333333,1,2,0,1181,1184
"633",13,"Fratercula cirrhata",1,0,0,1,2,1181,1184
"634",26,"Puffinus lherminieri",0.416666666666667,0.583333333333333,7,4,1,2809,2821
"635",26,"Sturnus vulgaris",0.0991180176396472,0.900881982360353,2145,155,81,440,2821
"636",26,"Buteo buteo",0.106494554255748,0.893505445744252,2215,214,50,342,2821
"637",26,"Carduelis carduelis",0.0964256026600167,0.903574397339983,2174,213,19,415,2821
"638",26,"Gallinula chloropus",0.149107142857143,0.850892857142857,1906,232,102,581,2821
"639",26,"Sterna dougallii",0.754716981132076,0.245283018867925,13,14,26,2768,2821
"640",26,"Fringilla coelebs",0.0510127531882971,0.948987246811703,2530,104,32,155,2821
"641",26,"Asio otus",0.22311942201445,0.77688057798555,1828,357,168,468,2821
"642",26,"Passer domesticus",0.054516514126542,0.945483485873458,2376,61,76,308,2821
"643",26,"Streptopelia decaocto",0.216763005780347,0.783236994219653,1897,465,60,399,2821
"644",26,"Sterna hirundo",0.301698886936145,0.698301113063855,1192,317,198,1114,2821
"645",26,"Columba palumbus",0.110852713178295,0.889147286821705,2294,234,52,241,2821
"646",26,"Gallinago gallinago",0.177064765300059,0.822935234699941,1385,84,214,1138,2821
"647",26,"Erithacus rubecula",0.0909090909090909,0.909090909090909,2350,165,70,236,2821
"648",26,"Coturnix coturnix",0.256455142231947,0.743544857768053,1699,493,93,536,2821
"649",26,"Regulus regulus",0.158421052631579,0.841578947368421,1599,196,105,921,2821
"650",26,"Turdus merula",0.0695067264573991,0.930493273542601,2490,146,40,145,2821
"651",26,"Chloris chloris",0.0761440360090022,0.923855963990998,2463,176,27,155,2821
"652",26,"Estrilda astrild",0.640776699029126,0.359223300970874,37,65,1,2718,2821
"653",26,"Motacilla cinerea",0.245525727069351,0.754474272930649,1349,362,77,1033,2821
"654",26,"Sylvia atricapilla",0.0922235248143806,0.907776475185619,2323,188,48,262,2821
"655",26,"Scolopax rusticola",0.250281214848144,0.749718785151856,1333,207,238,1043,2821
"656",26,"Fulica atra",0.17156862745098,0.82843137254902,1859,279,106,577,2821
"657",26,"Columba livia",0.237028301886792,0.762971698113208,1941,453,150,277,2821
"658",26,"Larus michahellis",0.570391872278665,0.429608127721335,296,371,22,2132,2821
"659",26,"Calonectris borealis",0.35,0.65,13,7,0,2801,2821
"660",26,"Charadrius alexandrinus",0.416445623342175,0.583554376657825,220,85,72,2444,2821
"661",26,"Ardea cinerea",0.277456647398844,0.722543352601156,1500,466,110,745,2821
"662",26,"Alectoris rufa",0.190548780487805,0.809451219512195,531,94,31,2165,2821
"663",26,"Hydrobates castro",0.1,0.9,9,1,0,2811,2821
"664",26,"Bulweria bulwerii",0,1,6,0,0,2815,2821
"665",26,"Puffinus puffinus",0.558139534883721,0.441860465116279,19,7,17,2778,2821
"666",26,"Anas crecca",0.260084286574353,0.739915713425647,1229,203,229,1160,2821
"667",26,"Anas platyrhynchos",0.0905287181437809,0.909471281856219,2391,196,42,192,2821
"668",26,"Anser anser",0.5,0.5,656,626,30,1509,2821
"669",26,"Acanthis flammea",0.228292682926829,0.771707317073171,791,171,63,1796,2821
"670",26,"Larus ridibundus",0.299511665762344,0.700488334237656,1291,267,285,978,2821
"671",26,"Larus marinus",0.306291390728477,0.693708609271523,419,128,57,2217,2821
"672",26,"Mergus serrator",0.192554557124519,0.807445442875481,629,52,98,2042,2821
"673",26,"Tringa totanus",0.30956733698964,0.69043266301036,1133,272,236,1180,2821
"674",26,"Numenius phaeopus",0.21010101010101,0.78989898989899,391,49,55,2326,2821
"675",26,"Stercorarius parasiticus",0.271062271062271,0.728937728937729,199,24,50,2548,2821
"676",26,"Sterna paradisaea",0.225663716814159,0.774336283185841,525,68,85,2143,2821
"677",26,"Gavia immer",0.28,0.72,36,8,6,2771,2821
"678",26,"Plectrophenax nivalis",0.339350180505415,0.660649819494585,183,19,75,2544,2821
"679",26,"Somateria mollissima",0.228310502283105,0.771689497716895,338,65,35,2383,2821
"680",26,"Cepphus grylle",0.2,0.8,264,27,39,2491,2821
"681",26,"Mergus merganser",0.39,0.61,671,369,60,1721,2821
"682",26,"Gavia stellata",0.27797833935018,0.72202166064982,400,99,55,2267,2821
"683",26,"Limosa limosa",0.494366197183099,0.505633802816901,359,100,251,2111,2821
"684",26,"Oenanthe oenanthe",0.182622687047466,0.817377312952534,2032,210,244,335,2821
"685",26,"Mareca penelope",0.334250343878955,0.665749656121045,484,118,125,2094,2821
"686",26,"Turdus iliacus",0.201149425287356,0.798850574712644,695,45,130,1951,2821
"687",26,"Haematopus ostralegus",0.286166842661035,0.713833157338965,676,203,68,1874,2821
"688",26,"Falco columbarius",0.295902883156297,0.704097116843703,464,68,127,2162,2821
"689",26,"Calidris alpina",0.457883369330454,0.542116630669546,251,51,161,2358,2821
"690",26,"Asio flammeus",0.513937282229965,0.486062717770035,558,319,271,1673,2821
"691",26,"Pluvialis apricaria",0.19549929676512,0.80450070323488,572,55,84,2110,2821
"692",26,"Calidris maritima",0.400966183574879,0.599033816425121,124,21,62,2614,2821
"693",26,"Aythya marila",0.539923954372624,0.460076045627376,121,44,98,2558,2821
"694",26,"Anthus pratensis",0.103012048192771,0.896987951807229,1489,91,80,1161,2821
"695",26,"Cygnus cygnus",0.513157894736842,0.486842105263158,370,381,9,2061,2821
"696",26,"Aythya fuligula",0.234107579462103,0.765892420537897,1253,206,177,1185,2821
"697",26,"Rissa tridactyla",0.28,0.72,180,26,44,2571,2821
"698",26,"Fulmarus glacialis",0.180616740088106,0.819383259911894,186,15,26,2594,2821
"699",26,"Larus hyperboreus",0.1875,0.8125,52,11,1,2757,2821
"700",26,"Phalaropus lobatus",0.409090909090909,0.590909090909091,195,27,108,2491,2821
"701",26,"Troglodytes troglodytes",0.108380338436745,0.891619661563255,2213,167,102,339,2821
"702",26,"Charadrius hiaticula",0.29490022172949,0.70509977827051,636,137,129,1919,2821
"703",26,"Motacilla alba",0.0530809205642168,0.946919079435783,2551,111,32,127,2821
"704",26,"Lagopus muta",0.192207792207792,0.807792207792208,311,32,42,2436,2821
"705",26,"Clangula hyemalis",0.429824561403509,0.570175438596491,130,41,57,2593,2821
"706",26,"Corvus corax",0.168289832489287,0.831710167510713,2135,401,31,254,2821
"707",26,"Falco rusticolus",0.472906403940887,0.527093596059113,107,52,44,2618,2821
"708",26,"Haliaeetus albicilla",0.677301731996354,0.322698268003646,354,722,21,1724,2821
"709",26,"Alca torda",0.293577981651376,0.706422018348624,154,35,29,2603,2821
"710",26,"Anas acuta",0.536127167630058,0.463872832369942,321,116,255,2129,2821
"711",26,"Larus fuscus",0.374110953058321,0.625889046941679,440,191,72,2118,2821
"712",26,"Larus argentatus",0.283057851239669,0.716942148760331,694,166,108,1853,2821
"713",26,"Fratercula arctica",0.305882352941176,0.694117647058824,118,22,30,2651,2821
"714",26,"Morus bassanus",0.574074074074074,0.425925925925926,23,20,11,2767,2821
"715",26,"Uria aalge",0.369565217391304,0.630434782608696,116,36,32,2637,2821
"716",26,"Gulosus aristotelis",0.396946564885496,0.603053435114504,237,107,49,2428,2821
"717",26,"Tadorna tadorna",0.490928495197439,0.509071504802561,477,420,40,1884,2821
"718",26,"Uria lomvia",0.297872340425532,0.702127659574468,33,5,9,2774,2821
"719",26,"Catharacta skua",0.488888888888889,0.511111111111111,46,32,12,2731,2821
"720",26,"Larus canus",0.223374175306315,0.776625824693685,824,133,104,1760,2821
"721",26,"Mareca strepera",0.591895803183792,0.408104196816208,564,726,92,1439,2821
"722",26,"Delichon urbicum",0.0602182913059842,0.939781708694016,2497,98,62,164,2821
"723",26,"Phalaropus fulicarius",0.461538461538462,0.538461538461538,14,4,8,2795,2821
"724",26,"Podiceps auritus",0.391489361702128,0.608510638297872,286,101,83,2351,2821
"725",26,"Hirundo rustica",0.0542664670658682,0.945733532934132,2527,103,42,149,2821
"726",26,"Anser brachyrhynchus",0.310810810810811,0.689189189189189,51,18,5,2747,2821
"727",26,"Spinus spinus",0.246218995765275,0.753781004234725,1246,244,163,1168,2821
"728",26,"Loxia curvirostra",0.316987740805604,0.683012259194396,1170,383,160,1108,2821
"729",26,"Vanellus vanellus",0.172043010752688,0.827956989247312,1771,188,180,682,2821
"730",26,"Anthus petrosus",0.253968253968254,0.746031746031746,235,36,44,2506,2821
"731",26,"Hydrobates pelagicus",0.53448275862069,0.46551724137931,54,33,29,2705,2821
"732",26,"Hydrobates leucorhous",0.7,0.3,6,8,6,2801,2821
"733",26,"Corvus monedula",0.124632815778431,0.875367184221569,2086,201,96,438,2821
"734",26,"Fringilla montifringilla",0.227027027027027,0.772972972972973,429,22,104,2266,2821
"735",26,"Branta leucopsis",0.868804664723032,0.131195335276968,45,288,10,2478,2821
"736",26,"Spatula clypeata",0.428077455048409,0.571922544951591,827,402,217,1375,2821
"737",26,"Phalacrocorax carbo",0.73928258967629,0.26071741032371,298,774,71,1678,2821
"738",26,"Branta bernicla",0.72,0.28,7,12,6,2796,2821
"739",26,"Turdus pilaris",0.144459102902375,0.855540897097625,1297,123,96,1305,2821
"740",26,"Melanitta nigra",0.406015037593985,0.593984962406015,158,37,71,2555,2821
"741",26,"Alle alle",0.2,0.8,28,3,4,2786,2821
"742",26,"Aythya ferina",0.391798107255521,0.608201892744479,964,378,243,1236,2821
"743",26,"Stercorarius longicaudus",0.408333333333333,0.591666666666667,71,19,30,2701,2821
"744",26,"Turdus viscivorus",0.162329069254521,0.837670930745479,1899,302,66,554,2821
"745",26,"Oxyura jamaicensis",0.927710843373494,0.072289156626506,6,25,52,2738,2821
"746",26,"Tringa glareola",0.238473767885533,0.761526232114467,479,76,74,2192,2821
"747",26,"Hydrocoloeus minutus",0.574175824175824,0.425824175824176,155,126,83,2457,2821
"748",26,"Numenius arquata",0.278675282714055,0.721324717285945,893,156,189,1583,2821
"749",26,"Grus grus",0.288270377733598,0.711729622266402,716,271,19,1815,2821
"750",26,"Accipiter nisus",0.161943319838057,0.838056680161943,2070,257,143,351,2821
"751",26,"Acrocephalus scirpaceus",0.258127122755944,0.741872877244056,1529,447,85,760,2821
"752",26,"Aegithalos caudatus",0.141924249020462,0.858075750979538,1971,245,81,524,2821
"753",26,"Alauda arvensis",0.116427432216906,0.883572567783094,2216,102,190,313,2821
"754",26,"Actitis hypoleucos",0.293743890518084,0.706256109481916,1445,271,330,775,2821
"755",26,"Acrocephalus arundinaceus",0.264640883977901,0.735359116022099,1331,339,140,1011,2821
"756",26,"Accipiter gentilis",0.202090592334495,0.797909407665505,1832,290,174,525,2821
"757",26,"Alcedo atthis",0.200799200799201,0.799200799200799,1600,219,183,819,2821
"758",26,"Alopochen aegyptiaca",0.930622009569378,0.069377990430622,29,387,2,2403,2821
"759",26,"Sitta europaea",0.158851674641148,0.841148325358852,1758,225,107,731,2821
"760",26,"Jynx torquilla",0.193171608265948,0.806828391734052,1796,293,137,595,2821
"761",26,"Corvus corone",0.0437570728027159,0.956242927197284,2535,89,27,170,2821
"762",26,"Nycticorax nycticorax",0.573435504469987,0.426564495530013,334,344,105,2038,2821
"763",26,"Calandrella brachydactyla",0.494082840236686,0.505917159763314,342,145,189,2145,2821
"764",26,"Burhinus oedicnemus",0.374068554396423,0.625931445603577,420,138,113,2150,2821
"765",26,"Melanocorypha calandra",0.371534195933457,0.628465804066543,340,87,114,2280,2821
"766",26,"Sylvia melanocephala",0.188073394495413,0.811926605504587,531,91,32,2167,2821
"767",26,"Himantopus himantopus",0.628608923884515,0.371391076115486,283,434,45,2059,2821
"768",26,"Muscicapa striata",0.11837048424289,0.88162951575711,2294,187,121,219,2821
"769",26,"Athene noctua",0.195043103448276,0.804956896551724,1494,172,190,965,2821
"770",26,"Apus apus",0.101661392405063,0.898338607594937,2271,166,91,293,2821
"771",26,"Regulus ignicapilla",0.29769392033543,0.70230607966457,1005,391,35,1390,2821
"772",26,"Passer montanus",0.174236168455822,0.825763831544178,2000,310,112,399,2821
"773",26,"Lophophanes cristatus",0.170005724098454,0.829994275901546,1450,188,109,1074,2821
"774",26,"Cyanopica cooki",0.239669421487603,0.760330578512397,92,20,9,2700,2821
"775",26,"Cecropis daurica",0.460732984293194,0.539267015706806,309,236,28,2248,2821
"776",26,"Tachybaptus ruficollis",0.263079960513327,0.736920039486673,1493,398,135,795,2821
"777",26,"Ciconia ciconia",0.220233998623538,0.779766001376462,1133,285,35,1368,2821
"778",26,"Lanius senator",0.332945285215367,0.667054714784633,573,115,171,1962,2821
"779",26,"Turdus philomelos",0.10760823875578,0.89239176124422,2123,226,30,442,2821
"780",26,"Certhia brachydactyla",0.13927781871776,0.86072218128224,1168,148,41,1464,2821
"781",26,"Myiopsitta monachus",0.935483870967742,0.0645161290322581,6,82,5,2728,2821
"782",26,"Picus sharpei",0.15234375,0.84765625,217,34,5,2565,2821
"783",26,"Emberiza calandra",0.249473684210526,0.750526315789474,1426,315,159,921,2821
"784",26,"Hippolais polyglotta",0.154609929078014,0.845390070921986,596,87,22,2116,2821
"785",26,"Petronia petronia",0.279545454545455,0.720454545454545,317,52,71,2381,2821
"786",26,"Merops apiaster",0.426043878273178,0.573956121726822,811,563,39,1408,2821
"787",26,"Sylvia conspicillata",0.417956656346749,0.582043343653251,188,84,51,2498,2821
"788",26,"Tyto alba",0.264066496163683,0.735933503836317,1151,238,175,1257,2821
"789",26,"Cyanistes caeruleus",0.0936895083236546,0.906310491676345,2341,201,41,238,2821
"790",26,"Circus pygargus",0.427027027027027,0.572972972972973,742,389,164,1526,2821
"791",26,"Platalea leucorodia",0.752136752136752,0.247863247863248,58,159,17,2587,2821
"792",26,"Strix aluco",0.130096197892808,0.869903802107192,1899,167,117,638,2821
"793",26,"Sylvia hortensis",0.376146788990826,0.623853211009174,204,39,84,2494,2821
"794",26,"Tachymarptis melba",0.379310344827586,0.620689655172414,414,176,77,2154,2821
"795",26,"Emberiza schoeniclus",0.129576107899807,0.870423892100193,1807,130,139,745,2821
"796",26,"Falco tinnunculus",0.0685393258426966,0.931460674157303,2487,141,42,151,2821
"797",26,"Emberiza cia",0.308423913043478,0.691576086956522,509,129,98,2085,2821
"798",26,"Sternula albifrons",0.537519142419602,0.462480857580398,302,192,159,2168,2821
"799",26,"Galerida cristata",0.270455965021861,0.729544034978139,1168,127,306,1220,2821
"800",26,"Oenanthe hispanica",0.299212598425197,0.700787401574803,356,44,108,2313,2821
"801",26,"Psittacula krameri",0.886699507389163,0.113300492610837,23,163,17,2618,2821
"802",26,"Upupa epops",0.147835862844295,0.852164137155705,1516,189,74,1042,2821
"803",26,"Caprimulgus europaeus",0.291380999020568,0.708619000979432,1447,386,209,779,2821
"804",26,"Sturnus unicolor",0.107594936708861,0.892405063291139,282,33,1,2505,2821
"805",26,"Saxicola torquatus",0.271263210870659,0.728736789129341,1448,477,62,834,2821
"806",26,"Caprimulgus ruficollis",0.411428571428571,0.588571428571429,103,54,18,2646,2821
"807",26,"Oriolus oriolus",0.143777887952405,0.856222112047595,1727,181,109,804,2821
"808",26,"Bubo bubo",0.409148665819568,0.590851334180432,930,429,215,1247,2821
"809",26,"Circus aeruginosus",0.298800436205016,0.701199563794984,1286,472,76,987,2821
"810",26,"Coccothraustes coccothraustes",0.270761670761671,0.729238329238329,1484,453,98,786,2821
"811",26,"Aquila fasciata",0.435643564356436,0.564356435643564,171,56,76,2518,2821
"812",26,"Ardea purpurea",0.482479784366577,0.517520215633423,384,261,97,2079,2821
"813",26,"Falco naumanni",0.550251256281407,0.449748743718593,179,82,137,2423,2821
"814",26,"Sylvia undata",0.21747572815534,0.78252427184466,403,63,49,2306,2821
"815",26,"Linaria cannabina",0.101990049751244,0.898009950248756,2166,159,87,409,2821
"816",26,"Bubulcus ibis",0.83030303030303,0.16969696969697,56,271,3,2491,2821
"817",26,"Milvus migrans",0.331219168428471,0.668780831571529,949,293,177,1402,2821
"818",26,"Falco peregrinus",0.541593949970913,0.458406050029087,788,857,74,1102,2821
"819",26,"Lanius meridionalis",0.166666666666667,0.833333333333333,215,17,26,2563,2821
"820",26,"Dryobates minor",0.232666356444858,0.767333643555142,1649,366,134,672,2821
"821",26,"Phoenicurus ochruros",0.197155468366846,0.802844531633154,1637,340,62,782,2821
"822",26,"Emberiza cirlus",0.163286004056795,0.836713995943205,825,121,40,1835,2821
"823",26,"Ixobrychus minutus",0.423703703703704,0.576296296296296,778,416,156,1471,2821
"824",26,"Rallus aquaticus",0.291952894995093,0.708047105004907,1443,394,201,783,2821
"825",26,"Cettia cetti",0.216035634743875,0.783964365256125,704,163,31,1923,2821
"826",26,"Pernis apivorus",0.257216494845361,0.742783505154639,1441,390,109,881,2821
"827",26,"Motacilla flava",0.1768968456948,0.8231031543052,1931,216,199,475,2821
"828",26,"Monticola solitarius",0.248344370860927,0.751655629139073,454,113,37,2217,2821
"829",26,"Periparus ater",0.185461323392358,0.814538676607642,1748,237,161,675,2821
"830",26,"Luscinia megarhynchos",0.138297872340426,0.861702127659574,1296,139,69,1317,2821
"831",26,"Circaetus gallicus",0.414141414141414,0.585858585858586,580,330,80,1831,2821
"832",26,"Garrulus glandarius",0.101164191087917,0.898835808912083,2239,166,86,330,2821
"833",26,"Apus pallidus",0.612068965517241,0.387931034482759,180,251,33,2357,2821
"834",26,"Phylloscopus bonelli",0.215619694397284,0.784380305602716,462,73,54,2232,2821
"835",26,"Otus scops",0.358974358974359,0.641025641025641,750,332,88,1651,2821
"836",26,"Charadrius dubius",0.245487364620939,0.754512635379061,1672,379,165,605,2821
"837",26,"Hieraaetus pennatus",0.52959028831563,0.47040971168437,310,253,96,2162,2821
"838",26,"Falco subbuteo",0.232407407407407,0.767592592592593,1658,411,91,661,2821
"839",26,"Cisticola juncidis",0.318840579710145,0.681159420289855,470,180,40,2131,2821
"840",26,"Riparia riparia",0.210411198600175,0.789588801399825,1805,254,227,535,2821
"841",26,"Cuculus canorus",0.0702087286527514,0.929791271347249,2450,146,39,186,2821
"842",26,"Parus major",0.0419501133786848,0.958049886621315,2535,90,21,175,2821
"843",26,"Dendrocopos major",0.104440789473684,0.895559210526316,2178,199,55,389,2821
"844",26,"Elanus caeruleus",0.63125,0.36875,59,93,8,2661,2821
"845",26,"Egretta garzetta",0.685792349726776,0.314207650273224,230,443,59,2089,2821
"846",26,"Streptopelia turtur",0.129863813229572,0.870136186770428,1789,136,131,765,2821
"847",26,"Lullula arborea",0.235059760956175,0.764940239043825,1536,385,87,813,2821
"848",26,"Zapornia pusilla",0.919117647058823,0.0808823529411765,11,44,81,2685,2821
"849",26,"Porphyrio porphyrio",0.743589743589744,0.256410256410256,30,79,8,2704,2821
"850",26,"Ptyonoprogne rupestris",0.291666666666667,0.708333333333333,510,164,46,2101,2821
"851",26,"Serinus serinus",0.17907995618839,0.82092004381161,1499,196,131,995,2821
"852",26,"Pica pica",0.0407045009784736,0.959295499021526,2451,75,29,266,2821
"853",26,"Anthus berthelotii",0,1,4,0,0,2817,2821
"854",26,"Passer hispaniolensis",0.488517745302714,0.511482254697286,245,199,35,2342,2821
"855",26,"Apus unicolor",0,1,2,0,0,2819,2821
"856",26,"Anthus campestris",0.448512585812357,0.551487414187643,723,340,248,1510,2821
"857",26,"Locustella luscinioides",0.487708168120539,0.512291831879461,646,473,142,1560,2821
"858",26,"Ardeola ralloides",0.663492063492063,0.336507936507937,106,150,59,2506,2821
"859",26,"Phasianus colchicus",0.223830734966592,0.776169265033408,1394,282,120,1025,2821
"860",26,"Pyrrhocorax pyrrhocorax",0.326760563380282,0.673239436619718,239,64,52,2466,2821
"861",26,"Clamator glandarius",0.418604651162791,0.581395348837209,175,86,40,2520,2821
"862",26,"Glareola pratincola",0.491525423728814,0.508474576271186,90,45,42,2644,2821
"863",26,"Netta rufina",0.736625514403292,0.263374485596708,128,297,61,2335,2821
"864",26,"Tetrax tetrax",0.466135458167331,0.533864541832669,134,44,73,2570,2821
"865",26,"Milvus milvus",0.446527012127894,0.553472987872106,502,283,122,1914,2821
"866",26,"Coracias garrulus",0.594497607655502,0.405502392344498,339,189,308,1985,2821
"867",26,"Oenanthe leucura",0.361290322580645,0.638709677419355,99,14,42,2666,2821
"868",26,"Pyrrhula pyrrhula",0.116291532690247,0.883708467309753,1649,108,109,955,2821
"869",26,"Galerida theklae",0.276497695852535,0.723502304147465,157,55,5,2604,2821
"870",26,"Phoenicurus phoenicurus",0.182713837886252,0.817286162113748,1825,259,149,588,2821
"871",26,"Sylvia cantillans",0.220588235294118,0.779411764705882,424,71,49,2277,2821
"872",26,"Podiceps cristatus",0.241110569897711,0.758889430102289,1558,418,77,768,2821
"873",26,"Recurvirostra avosetta",0.524017467248908,0.475982532751092,218,206,34,2363,2821
"874",26,"Aythya nyroca",0.662650602409639,0.337349397590361,168,197,133,2323,2821
"875",26,"Larus audouinii",0.646341463414634,0.353658536585366,29,43,10,2739,2821
"876",26,"Plegadis falcinellus",0.787234042553192,0.212765957446809,30,86,25,2680,2821
"877",26,"Amandava amandava",0.78125,0.21875,7,22,3,2789,2821
"878",26,"Circus cyaneus",0.477884615384615,0.522115384615385,543,128,369,1781,2821
"879",26,"Alaudala rufescens",0.61038961038961,0.38961038961039,30,24,23,2744,2821
"880",26,"Sylvia communis",0.119867274989631,0.880132725010369,2122,162,127,410,2821
"881",26,"Apus caffer",0.82,0.18,9,37,4,2771,2821
"882",26,"Pandion haliaetus",0.390957446808511,0.609042553191489,458,173,121,2069,2821
"883",26,"Aquila chrysaetos",0.317689530685921,0.682310469314079,756,264,88,1713,2821
"884",26,"Pterocles orientalis",0.41044776119403,0.58955223880597,79,24,31,2687,2821
"885",26,"Ciconia nigra",0.329305135951662,0.670694864048338,666,289,38,1828,2821
"886",26,"Cercotrichas galactotes",0.606837606837607,0.393162393162393,46,3,68,2704,2821
"887",26,"Otis tarda",0.573529411764706,0.426470588235294,87,30,87,2617,2821
"888",26,"Pterocles alchata",0.56043956043956,0.43956043956044,40,18,33,2730,2821
"889",26,"Aquila adalberti",0.512820512820513,0.487179487179487,38,35,5,2743,2821
"890",26,"Gelochelidon nilotica",0.661157024793388,0.338842975206612,41,65,15,2700,2821
"891",26,"Podiceps nigricollis",0.563243243243243,0.436756756756757,404,288,233,1896,2821
"892",26,"Neophron percnopterus",0.503205128205128,0.496794871794872,155,45,112,2509,2821
"893",26,"Iduna opaca",0.585106382978723,0.414893617021277,39,28,27,2727,2821
"894",26,"Botaurus stellaris",0.402001668056714,0.597998331943286,717,372,110,1622,2821
"895",26,"Ardea alba",0.80865224625624,0.19134775374376,115,467,19,2220,2821
"896",26,"Chlidonias hybrida",0.664750957854406,0.335249042145594,175,292,55,2299,2821
"897",26,"Columba oenas",0.29060773480663,0.70939226519337,1284,311,215,1011,2821
"898",26,"Spatula querquedula",0.344025157232704,0.655974842767296,1043,275,272,1231,2821
"899",26,"Prunella modularis",0.132440476190476,0.867559523809524,1749,88,179,805,2821
"900",26,"Gyps fulvus",0.460674157303371,0.539325842696629,144,71,52,2554,2821
"901",26,"Emberiza hortulana",0.445497630331754,0.554502369668246,819,243,415,1344,2821
"902",26,"Cinclus cinclus",0.28,0.72,1008,195,197,1421,2821
"903",26,"Monticola saxatilis",0.428051001821494,0.571948998178506,314,70,165,2272,2821
"904",26,"Aegypius monachus",0.553846153846154,0.446153846153846,29,10,26,2756,2821
"905",26,"Sylvia borin",0.15918752952291,0.84081247047709,1780,174,163,704,2821
"906",26,"Phoenicopterus roseus",0.833333333333333,0.166666666666667,6,26,4,2785,2821
"907",26,"Oxyura leucocephala",0.628571428571429,0.371428571428571,13,14,8,2786,2821
"908",26,"Fulica cristata",0.772727272727273,0.227272727272727,5,16,1,2799,2821
"909",26,"Remiz pendulinus",0.38301043219076,0.61698956780924,828,345,169,1479,2821
"910",26,"Cygnus olor",0.320799059929495,0.679200940070505,1156,526,20,1119,2821
"911",26,"Acrocephalus melanopogon",0.678571428571429,0.321428571428571,54,50,64,2653,2821
"912",26,"Zapornia parva",0.647147147147147,0.352852852852853,235,318,113,2155,2821
"913",26,"Porzana porzana",0.450813323005422,0.549186676994578,709,286,296,1530,2821
"914",26,"Marmaronetta angustirostris",0.588235294117647,0.411764705882353,7,6,4,2804,2821
"915",26,"Chlidonias niger",0.40387275242047,0.59612724757953,431,85,207,2098,2821
"916",26,"Larus genei",0.741379310344828,0.258620689655172,15,41,2,2763,2821
"917",26,"Larus melanocephalus",0.794561933534743,0.205438066465257,68,237,26,2490,2821
"918",26,"Panurus biarmicus",0.655361050328228,0.344638949671772,315,505,94,1907,2821
"919",26,"Anthus trivialis",0.133363677742376,0.866636322257624,1904,185,108,624,2821
"920",26,"Emberiza citrinella",0.0907840440165062,0.909215955983494,1983,80,118,640,2821
"921",26,"Lanius collurio",0.105922002888782,0.894077997111218,1857,141,79,744,2821
"922",26,"Ficedula hypoleuca",0.20702634880803,0.79297365119197,1264,131,199,1227,2821
"923",26,"Saxicola rubetra",0.174117647058823,0.825882352941177,1755,138,232,696,2821
"924",26,"Anthus spinoletta",0.29700272479564,0.70299727520436,258,37,72,2454,2821
"925",26,"Locustella naevia",0.226519337016575,0.773480662983425,1120,229,99,1373,2821
"926",26,"Cyanecula svecica",0.421787709497207,0.578212290502793,621,341,112,1747,2821
"927",26,"Perdix perdix",0.205325443786982,0.794674556213018,1343,123,224,1131,2821
"928",26,"Prunella collaris",0.410169491525424,0.589830508474576,174,39,82,2526,2821
"929",26,"Chersophilus duponti",0.566666666666667,0.433333333333333,26,21,13,2761,2821
"930",26,"Dryocopus martius",0.197375926982316,0.802624073017684,1407,272,74,1068,2821
"931",26,"Tetrao urogallus",0.243529411764706,0.756470588235294,643,65,142,1971,2821
"932",26,"Carduelis citrinella",0.348314606741573,0.651685393258427,116,33,29,2643,2821
"933",26,"Poecile palustris",0.147424511545293,0.852575488454707,1440,144,105,1132,2821
"934",26,"Leiopicus medius",0.339066339066339,0.660933660933661,807,365,49,1600,2821
"935",26,"Certhia familiaris",0.196195652173913,0.803804347826087,1479,236,125,981,2821
"936",26,"Phylloscopus trochilus",0.107202680067002,0.892797319932998,1599,95,97,1030,2821
"937",26,"Pyrrhocorax graculus",0.246575342465753,0.753424657534247,165,28,26,2602,2821
"938",26,"Acrocephalus schoenobaenus",0.192205018686599,0.807794981313401,1513,180,180,948,2821
"939",26,"Montifringilla nivalis",0.283464566929134,0.716535433070866,91,20,16,2694,2821
"940",26,"Turdus torquatus",0.277685950413223,0.722314049586777,437,73,95,2216,2821
"941",26,"Tichodroma muraria",0.405286343612335,0.594713656387665,135,28,64,2594,2821
"942",26,"Corvus frugilegus",0.238938053097345,0.761061946902655,1118,237,114,1352,2821
"943",26,"Thalasseus sandvicensis",0.672566371681416,0.327433628318584,74,97,55,2595,2821
"944",26,"Linaria flavirostris",0.366515837104072,0.633484162895928,140,35,46,2600,2821
"945",26,"Phylloscopus collybita",0.121080139372822,0.878919860627178,2018,222,56,525,2821
"946",26,"Lagopus lagopus",0.19774011299435,0.80225988700565,426,11,94,2290,2821
"947",26,"Crex crex",0.331655129011957,0.668344870988043,1062,377,150,1232,2821
"948",26,"Phylloscopus sibilatrix",0.180997876857749,0.819002123142251,1543,187,154,937,2821
"949",26,"Aix galericulata",0.873015873015873,0.126984126984127,40,267,8,2506,2821
"950",26,"Tringa nebularia",0.208421052631579,0.791578947368421,376,59,40,2346,2821
"951",26,"Branta canadensis",0.509536784741144,0.490463215258856,360,345,29,2087,2821
"952",26,"Bucephala clangula",0.271939328277356,0.728060671722644,672,202,49,1898,2821
"953",26,"Calidris pugnax",0.538709677419355,0.461290322580645,286,32,302,2201,2821
"954",26,"Sylvia curruca",0.128286014721346,0.871713985278654,1658,148,96,919,2821
"955",26,"Lyrurus tetrix",0.206638115631692,0.793361884368308,741,49,144,1887,2821
"956",26,"Phylloscopus trochiloides",0.58592132505176,0.41407867494824,200,255,28,2338,2821
"957",26,"Bubo scandiacus",0.758064516129032,0.241935483870968,15,6,41,2759,2821
"958",26,"Alectoris barbara",0.05,0.95,19,1,0,2801,2821
"959",26,"Aix sponsa",0.983870967741935,0.0161290322580645,1,56,5,2759,2821
"960",26,"Eudromias morinellus",0.442708333333333,0.557291666666667,107,28,57,2629,2821
"961",26,"Gavia arctica",0.152899824253076,0.847100175746924,482,36,51,2252,2821
"962",26,"Carpodacus erythrinus",0.29863813229572,0.70136186770428,721,233,74,1793,2821
"963",26,"Calcarius lapponicus",0.388888888888889,0.611111111111111,110,19,51,2641,2821
"964",26,"Bucanetes githagineus",0.7,0.3,3,4,3,2811,2821
"965",26,"Phylloscopus borealis",0.613207547169811,0.386792452830189,41,10,55,2715,2821
"966",26,"Tadorna ferruginea",0.852320675105485,0.147679324894515,35,189,13,2584,2821
"967",26,"Gypaetus barbatus",0.585714285714286,0.414285714285714,29,22,19,2751,2821
"968",26,"Calonectris diomedea",0.564705882352941,0.435294117647059,37,25,23,2736,2821
"969",26,"Picus viridis",0.155610663360198,0.844389336639802,1362,129,122,1208,2821
"970",26,"Picus canus",0.342672413793103,0.657327586206897,915,381,96,1429,2821
"971",26,"Dendrocopos leucotos",0.506912442396313,0.493087557603687,321,251,79,2170,2821
"972",26,"Chlidonias leucopterus",0.580128205128205,0.419871794871795,131,125,56,2509,2821
"973",26,"Aegolius funereus",0.353202846975089,0.646797153024911,727,278,119,1697,2821
"974",26,"Lanius minor",0.524765729585007,0.475234270414993,355,218,174,2074,2821
"975",26,"Colinus virginianus",0.454545454545455,0.545454545454545,12,3,7,2799,2821
"976",26,"Syrmaticus reevesii",0.666666666666667,0.333333333333333,24,33,15,2749,2821
"977",26,"Lanius excubitor",0.370996441281139,0.629003558718861,707,189,228,1697,2821
"978",26,"Acrocephalus palustris",0.213770491803279,0.786229508196721,1199,263,63,1296,2821
"979",26,"Poecile montanus",0.162907268170426,0.837092731829574,1336,125,135,1225,2821
"980",26,"Acrocephalus dumetorum",0.65158371040724,0.34841628959276,154,273,15,2379,2821
"981",26,"Alectoris chukar",0.575471698113208,0.424528301886792,45,32,29,2715,2821
"982",26,"Podiceps grisegena",0.485084306095979,0.514915693904021,397,215,159,2050,2821
"983",26,"Loxia leucoptera",0.604166666666667,0.395833333333333,76,50,66,2629,2821
"984",26,"Loxia pytyopsittacus",0.212678936605317,0.787321063394683,385,37,67,2332,2821
"985",26,"Circus macrourus",0.98,0.02,1,25,24,2771,2821
"986",26,"Tringa ochropus",0.237859266600595,0.762140733399405,769,145,95,1812,2821
"987",26,"Hippolais icterina",0.194019933554817,0.805980066445183,1213,168,124,1316,2821
"988",26,"Calidris temminckii",0.393258426966292,0.606741573033708,108,22,48,2643,2821
"989",26,"Arenaria interpres",0.333333333333333,0.666666666666667,130,21,44,2626,2821
"990",26,"Falco eleonorae",0.573170731707317,0.426829268292683,35,30,17,2739,2821
"991",26,"Puffinus mauretanicus",0.5,0.5,7,5,2,2807,2821
"992",26,"Hydroprogne caspia",0.409090909090909,0.590909090909091,65,33,12,2711,2821
"993",26,"Nucifraga caryocatactes",0.322467986030268,0.677532013969732,582,181,96,1962,2821
"994",26,"Bonasa bonasia",0.236951983298539,0.763048016701461,731,86,141,1863,2821
"995",26,"Glaucidium passerinum",0.515025906735751,0.484974093264249,468,393,104,1856,2821
"996",26,"Glareola nordmanni",1,0,0,2,20,2799,2821
"997",26,"Alectoris graeca",0.348659003831418,0.651340996168582,170,29,62,2560,2821
"998",26,"Puffinus yelkouan",0.630769230769231,0.369230769230769,24,12,29,2756,2821
"999",26,"Clanga pomarina",0.419968304278922,0.580031695721078,366,210,55,2190,2821
"1000",26,"Picoides tridactylus",0.307171853856563,0.692828146143437,512,151,76,2082,2821
"1001",26,"Passer italiae",0.145,0.855,171,15,14,2621,2821
"1002",26,"Ficedula albicollis",0.486725663716814,0.513274336283186,348,272,58,2143,2821
"1003",26,"Anser erythropus",0.928571428571429,0.0714285714285714,1,2,11,2807,2821
"1004",26,"Larus cachinnans",0.886274509803922,0.113725490196078,29,224,2,2566,2821
"1005",26,"Motacilla citreola",0.80655737704918,0.19344262295082,59,242,4,2516,2821
"1006",26,"Ficedula parva",0.39209726443769,0.60790273556231,600,272,115,1834,2821
"1007",26,"Locustella fluviatilis",0.365328109696376,0.634671890303624,648,307,66,1800,2821
"1008",26,"Anser fabalis",0.363636363636364,0.636363636363636,126,35,37,2623,2821
"1009",26,"Luscinia luscinia",0.156149732620321,0.843850267379679,789,93,53,1886,2821
"1010",26,"Surnia ulula",0.270618556701031,0.729381443298969,283,51,54,2433,2821
"1011",26,"Melanitta fusca",0.364963503649635,0.635036496350365,174,27,73,2547,2821
"1012",26,"Buteo lagopus",0.207282913165266,0.792717086834734,283,20,54,2464,2821
"1013",26,"Eremophila alpestris",0.576687116564417,0.423312883435583,69,40,54,2658,2821
"1014",26,"Mergellus albellus",0.467336683417085,0.532663316582915,106,80,13,2622,2821
"1015",26,"Sylvia nisoria",0.383451059535822,0.616548940464178,611,302,78,1830,2821
"1016",26,"Emberiza melanocephala",0.519402985074627,0.480597014925373,161,130,44,2486,2821
"1017",26,"Tringa stagnatilis",0.921739130434783,0.0782608695652174,9,67,39,2706,2821
"1018",26,"Gallinago media",0.611336032388664,0.388663967611336,96,92,59,2574,2821
"1019",26,"Perisoreus infaustus",0.158415841584158,0.841584158415842,255,10,38,2518,2821
"1020",26,"Calidris falcinellus",0.497109826589595,0.502890173410405,87,24,62,2648,2821
"1021",26,"Emberiza rustica",0.285198555956679,0.714801444043321,198,12,67,2544,2821
"1022",26,"Lymnocryptes minimus",0.450643776824034,0.549356223175966,128,40,65,2588,2821
"1023",26,"Poecile cinctus",0.381578947368421,0.618421052631579,94,5,53,2669,2821
"1024",26,"Pinicola enucleator",0.559006211180124,0.440993788819876,71,8,82,2660,2821
"1025",26,"Tringa erythropus",0.30379746835443,0.69620253164557,110,14,34,2663,2821
"1026",26,"Anthus cervinus",0.461538461538462,0.538461538461538,42,9,27,2743,2821
"1027",26,"Bombycilla garrulus",0.490196078431373,0.509803921568627,156,147,3,2515,2821
"1028",26,"Strix nebulosa",0.644518272425249,0.355481727574751,107,149,45,2520,2821
"1029",26,"Strix uralensis",0.455909943714822,0.544090056285178,290,186,57,2288,2821
"1030",26,"Emberiza pusilla",0.5,0.5,51,30,21,2719,2821
"1031",26,"Limosa lapponica",0.4,0.6,27,11,7,2776,2821
"1032",26,"Spilopelia senegalensis",0.777777777777778,0.222222222222222,2,7,0,2812,2821
"1033",26,"Falco biarmicus",0.785046728971963,0.214953271028037,23,26,58,2714,2821
"1034",26,"Buteo rufinus",0.761006289308176,0.238993710691824,76,225,17,2503,2821
"1035",26,"Falco vespertinus",0.716463414634146,0.283536585365854,93,115,120,2493,2821
"1036",26,"Microcarbo pygmaeus",0.747967479674797,0.252032520325203,31,78,14,2698,2821
"1037",26,"Sylvia crassirostris",0.526627218934911,0.473372781065089,80,49,40,2652,2821
"1038",26,"Iduna pallida",0.402097902097902,0.597902097902098,171,69,46,2535,2821
"1039",26,"Sitta neumayer",0.415929203539823,0.584070796460177,66,29,18,2708,2821
"1040",26,"Pastor roseus",0.926829268292683,0.0731707317073171,3,16,22,2780,2821
"1041",26,"Hippolais olivetorum",0.586466165413534,0.413533834586466,55,45,33,2688,2821
"1042",26,"Poecile lugubris",0.5,0.5,111,71,40,2599,2821
"1043",26,"Accipiter brevipes",0.662420382165605,0.337579617834395,53,78,26,2664,2821
"1044",26,"Phylloscopus orientalis",0.634408602150538,0.365591397849462,34,28,31,2728,2821
"1045",26,"Dendrocopos syriacus",0.312769010043042,0.687230989956958,479,183,35,2124,2821
"1046",26,"Ficedula semitorquata",0.669811320754717,0.330188679245283,35,44,27,2715,2821
"1047",26,"Aquila heliaca",0.741007194244604,0.258992805755396,36,54,49,2682,2821
"1048",26,"Falco cherrug",0.743016759776536,0.256983240223464,46,77,56,2642,2821
"1049",26,"Acrocephalus paludicola",0.746987951807229,0.253012048192771,21,28,34,2738,2821
"1050",26,"Tarsiger cyanurus",0.951612903225806,0.0483870967741935,3,59,0,2759,2821
"1051",26,"Somateria spectabilis",0.523809523809524,0.476190476190476,10,4,7,2800,2821
"1052",26,"Calidris minuta",0.625,0.375,6,1,9,2805,2821
"1053",26,"Emberiza caesia",0.692307692307692,0.307692307692308,28,5,58,2730,2821
"1054",26,"Pelecanus crispus",0.529411764705882,0.470588235294118,8,7,2,2804,2821
"1055",26,"Lanius nubicus",0.532258064516129,0.467741935483871,29,15,18,2759,2821
"1056",26,"Pelecanus onocrotalus",0.857142857142857,0.142857142857143,2,7,5,2807,2821
"1057",26,"Oenanthe pleschanka",0.675,0.325,26,37,17,2741,2821
"1058",26,"Clanga clanga",0.879518072289157,0.120481927710843,10,47,26,2738,2821
"1059",26,"Oenanthe isabellina",0.728476821192053,0.271523178807947,41,99,11,2670,2821
"1060",26,"Acrocephalus agricola",0.673684210526316,0.326315789473684,31,56,8,2726,2821
"1061",26,"Emberiza aureola",0.961538461538462,0.0384615384615385,1,0,25,2795,2821
"1062",26,"Xenus cinereus",0.80952380952381,0.19047619047619,8,27,7,2779,2821
"1063",26,"Larus ichthyaetus",0.555555555555556,0.444444444444444,8,6,4,2803,2821
"1064",26,"Cyanistes cyanus",0.666666666666667,0.333333333333333,6,11,1,2803,2821
"1065",26,"Anthropoides virgo",0.566666666666667,0.433333333333333,13,12,5,2791,2821
