"","skim_type","skim_variable","datasetID","n_missing","complete_rate","character.min","character.max","character.empty","character.n_unique","character.whitespace","factor.ordered","factor.n_unique","factor.top_counts","numeric.mean","numeric.sd","numeric.p0","numeric.p25","numeric.p50","numeric.p75","numeric.p100","numeric.hist"
"1","character","verbatimIdentification","5",0,1,9,29,0,204,0,NA,NA,NA,NA,NA,NA,NA,NA,NA,NA,NA
"2","character","verbatimIdentification","6",0,1,9,32,0,238,0,NA,NA,NA,NA,NA,NA,NA,NA,NA,NA,NA
"3","character","verbatimIdentification","13",0,1,9,29,0,211,0,NA,NA,NA,NA,NA,NA,NA,NA,NA,NA,NA
"4","character","verbatimIdentification","26",0,1,9,29,0,420,0,NA,NA,NA,NA,NA,NA,NA,NA,NA,NA,NA
"5","character","scientificName","5",0,1,9,29,0,200,0,NA,NA,NA,NA,NA,NA,NA,NA,NA,NA,NA
"6","character","scientificName","6",0,1,9,39,0,238,0,NA,NA,NA,NA,NA,NA,NA,NA,NA,NA,NA
"7","character","scientificName","13",0,1,9,29,0,211,0,NA,NA,NA,NA,NA,NA,NA,NA,NA,NA,NA
"8","character","scientificName","26",0,1,9,29,0,420,0,NA,NA,NA,NA,NA,NA,NA,NA,NA,NA,NA
"9","factor","samplingPeriodID","5",0,1,NA,NA,NA,NA,NA,FALSE,1,"1: 204, 2: 0",NA,NA,NA,NA,NA,NA,NA,NA
"10","factor","samplingPeriodID","6",0,1,NA,NA,NA,NA,NA,FALSE,1,"1: 238, 2: 0",NA,NA,NA,NA,NA,NA,NA,NA
"11","factor","samplingPeriodID","13",0,1,NA,NA,NA,NA,NA,FALSE,1,"1: 211, 2: 0",NA,NA,NA,NA,NA,NA,NA,NA
"12","factor","samplingPeriodID","26",0,1,NA,NA,NA,NA,NA,FALSE,1,"1: 420, 2: 0",NA,NA,NA,NA,NA,NA,NA,NA
"13","factor","Family1","5",2,0.990196078431373,NA,NA,NA,NA,NA,FALSE,51,"Ana: 14, Fri: 12, Mus: 12, Acc: 11",NA,NA,NA,NA,NA,NA,NA,NA
"14","factor","Family1","6",3,0.987394957983193,NA,NA,NA,NA,NA,FALSE,48,"Par: 33, Ana: 20, Pas: 15, Lar: 12",NA,NA,NA,NA,NA,NA,NA,NA
"15","factor","Family1","13",3,0.985781990521327,NA,NA,NA,NA,NA,FALSE,57,"Ana: 13, Ard: 13, Acc: 11, Mus: 11",NA,NA,NA,NA,NA,NA,NA,NA
"16","factor","Family1","26",3,0.992857142857143,NA,NA,NA,NA,NA,FALSE,71,"Ana: 36, Acc: 27, Sco: 25, Lar: 24",NA,NA,NA,NA,NA,NA,NA,NA
"17","factor","Order1","5",2,0.990196078431373,NA,NA,NA,NA,NA,FALSE,18,"Pas: 96, Cha: 18, Ans: 14, Acc: 11",NA,NA,NA,NA,NA,NA,NA,NA
"18","factor","Order1","6",3,0.987394957983193,NA,NA,NA,NA,NA,FALSE,18,"Pas: 129, Ans: 20, Cha: 20, Pel: 12",NA,NA,NA,NA,NA,NA,NA,NA
"19","factor","Order1","13",3,0.985781990521327,NA,NA,NA,NA,NA,FALSE,17,"Pas: 88, Cha: 24, Ans: 13, Pel: 13",NA,NA,NA,NA,NA,NA,NA,NA
"20","factor","Order1","26",3,0.992857142857143,NA,NA,NA,NA,NA,FALSE,23,"Pas: 167, Cha: 70, Ans: 36, Acc: 28",NA,NA,NA,NA,NA,NA,NA,NA
"21","factor","Habitat","5",2,0.990196078431373,NA,NA,NA,NA,NA,FALSE,10,"For: 54, Wet: 51, Woo: 29, Gra: 22",NA,NA,NA,NA,NA,NA,NA,NA
"22","factor","Habitat","6",3,0.987394957983193,NA,NA,NA,NA,NA,FALSE,9,"For: 90, Wet: 52, Gra: 21, Shr: 21",NA,NA,NA,NA,NA,NA,NA,NA
"23","factor","Habitat","13",3,0.985781990521327,NA,NA,NA,NA,NA,FALSE,10,"For: 68, Wet: 44, Woo: 19, Mar: 17",NA,NA,NA,NA,NA,NA,NA,NA
"24","factor","Habitat","26",3,0.992857142857143,NA,NA,NA,NA,NA,FALSE,11,"Wet: 98, For: 75, Gra: 68, Woo: 41",NA,NA,NA,NA,NA,NA,NA,NA
"25","factor","Migration","5",2,0.990196078431373,NA,NA,NA,NA,NA,FALSE,3,"3: 98, 1: 57, 2: 47, NA: 0",NA,NA,NA,NA,NA,NA,NA,NA
"26","factor","Migration","6",3,0.987394957983193,NA,NA,NA,NA,NA,FALSE,3,"3: 144, 2: 48, 1: 43, NA: 0",NA,NA,NA,NA,NA,NA,NA,NA
"27","factor","Migration","13",3,0.985781990521327,NA,NA,NA,NA,NA,FALSE,3,"3: 94, 1: 65, 2: 49, NA: 0",NA,NA,NA,NA,NA,NA,NA,NA
"28","factor","Migration","26",3,0.992857142857143,NA,NA,NA,NA,NA,FALSE,3,"3: 231, 2: 104, 1: 82, NA: 0",NA,NA,NA,NA,NA,NA,NA,NA
"29","factor","Trophic.Level","5",2,0.990196078431373,NA,NA,NA,NA,NA,FALSE,3,"Car: 120, Omn: 44, Her: 38, NA: 0",NA,NA,NA,NA,NA,NA,NA,NA
"30","factor","Trophic.Level","6",3,0.987394957983193,NA,NA,NA,NA,NA,FALSE,4,"Car: 150, Omn: 50, Her: 34, Sca: 1",NA,NA,NA,NA,NA,NA,NA,NA
"31","factor","Trophic.Level","13",3,0.985781990521327,NA,NA,NA,NA,NA,FALSE,3,"Car: 142, Her: 35, Omn: 31, NA: 0",NA,NA,NA,NA,NA,NA,NA,NA
"32","factor","Trophic.Level","26",3,0.992857142857143,NA,NA,NA,NA,NA,FALSE,4,"Car: 270, Omn: 76, Her: 68, Sca: 3",NA,NA,NA,NA,NA,NA,NA,NA
"33","factor","Trophic.Niche","5",2,0.990196078431373,NA,NA,NA,NA,NA,FALSE,7,"Inv: 76, Omn: 41, Aqu: 34, Ver: 19",NA,NA,NA,NA,NA,NA,NA,NA
"34","factor","Trophic.Niche","6",3,0.987394957983193,NA,NA,NA,NA,NA,FALSE,10,"Inv: 104, Omn: 46, Aqu: 41, Ver: 15",NA,NA,NA,NA,NA,NA,NA,NA
"35","factor","Trophic.Niche","13",3,0.985781990521327,NA,NA,NA,NA,NA,FALSE,8,"Inv: 79, Aqu: 55, Omn: 36, Ver: 12",NA,NA,NA,NA,NA,NA,NA,NA
"36","factor","Trophic.Niche","26",3,0.992857142857143,NA,NA,NA,NA,NA,FALSE,8,"Inv: 132, Aqu: 115, Omn: 72, Ver: 37",NA,NA,NA,NA,NA,NA,NA,NA
"37","factor","Primary.Lifestyle","5",2,0.990196078431373,NA,NA,NA,NA,NA,FALSE,5,"Ins: 75, Ter: 66, Gen: 26, Aqu: 18",NA,NA,NA,NA,NA,NA,NA,NA
"38","factor","Primary.Lifestyle","6",3,0.987394957983193,NA,NA,NA,NA,NA,FALSE,5,"Ins: 99, Ter: 57, Gen: 31, Aer: 27",NA,NA,NA,NA,NA,NA,NA,NA
"39","factor","Primary.Lifestyle","13",3,0.985781990521327,NA,NA,NA,NA,NA,FALSE,5,"Ins: 69, Ter: 69, Aer: 26, Aqu: 24",NA,NA,NA,NA,NA,NA,NA,NA
"40","factor","Primary.Lifestyle","26",3,0.992857142857143,NA,NA,NA,NA,NA,FALSE,5,"Ter: 136, Ins: 119, Gen: 60, Aer: 54",NA,NA,NA,NA,NA,NA,NA,NA
"41","factor","Habitat.Density","5",2,0.990196078431373,NA,NA,NA,NA,NA,FALSE,3,"3: 105, 1: 59, 2: 38",NA,NA,NA,NA,NA,NA,NA,NA
"42","factor","Habitat.Density","6",3,0.987394957983193,NA,NA,NA,NA,NA,FALSE,3,"3: 96, 1: 83, 2: 56",NA,NA,NA,NA,NA,NA,NA,NA
"43","factor","Habitat.Density","13",3,0.985781990521327,NA,NA,NA,NA,NA,FALSE,3,"3: 99, 1: 58, 2: 51",NA,NA,NA,NA,NA,NA,NA,NA
"44","factor","Habitat.Density","26",3,0.992857142857143,NA,NA,NA,NA,NA,FALSE,3,"3: 262, 1: 78, 2: 77",NA,NA,NA,NA,NA,NA,NA,NA
"45","factor","IUCN","5",0,1,NA,NA,NA,NA,NA,FALSE,5,"LC: 193, NT: 5, DD: 3, VU: 2",NA,NA,NA,NA,NA,NA,NA,NA
"46","factor","IUCN","6",0,1,NA,NA,NA,NA,NA,FALSE,5,"LC: 218, NT: 9, DD: 7, VU: 3",NA,NA,NA,NA,NA,NA,NA,NA
"47","factor","IUCN","13",0,1,NA,NA,NA,NA,NA,FALSE,5,"LC: 185, DD: 13, NT: 7, VU: 5",NA,NA,NA,NA,NA,NA,NA,NA
"48","factor","IUCN","26",0,1,NA,NA,NA,NA,NA,FALSE,6,"LC: 365, VU: 21, NT: 19, DD: 9",NA,NA,NA,NA,NA,NA,NA,NA
"49","numeric","Total_area_samp","5",0,1,NA,NA,NA,NA,NA,NA,NA,NA,83907.576,0,83907.576,83907.576,83907.576,83907.576,83907.576,"▁▁▇▁▁"
"50","numeric","Total_area_samp","6",0,1,NA,NA,NA,NA,NA,NA,NA,NA,130516.197,0,130516.197,130516.197,130516.197,130516.197,130516.197,"▁▁▇▁▁"
"51","numeric","Total_area_samp","13",0,1,NA,NA,NA,NA,NA,NA,NA,NA,367192.461,0,367192.461,367192.461,367192.461,367192.461,367192.461,"▁▁▇▁▁"
"52","numeric","Total_area_samp","26",0,1,NA,NA,NA,NA,NA,NA,NA,NA,5909173.299,0,5909173.299,5909173.299,5909173.299,5909173.299,5909173.299,"▁▁▇▁▁"
"53","numeric","Total_Ncells","5",0,1,NA,NA,NA,NA,NA,NA,NA,NA,678,0,678,678,678,678,678,"▁▁▇▁▁"
"54","numeric","Total_Ncells","6",0,1,NA,NA,NA,NA,NA,NA,NA,NA,5335,0,5335,5335,5335,5335,5335,"▁▁▇▁▁"
"55","numeric","Total_Ncells","13",0,1,NA,NA,NA,NA,NA,NA,NA,NA,1471,0,1471,1471,1471,1471,1471,"▁▁▇▁▁"
"56","numeric","Total_Ncells","26",0,1,NA,NA,NA,NA,NA,NA,NA,NA,5186,0,5186,5186,5186,5186,5186,"▁▁▇▁▁"
"57","numeric","Total_Ncells_samp","5",0,1,NA,NA,NA,NA,NA,NA,NA,NA,628,0,628,628,628,628,628,"▁▁▇▁▁"
"58","numeric","Total_Ncells_samp","6",0,1,NA,NA,NA,NA,NA,NA,NA,NA,5319,0,5319,5319,5319,5319,5319,"▁▁▇▁▁"
"59","numeric","Total_Ncells_samp","13",0,1,NA,NA,NA,NA,NA,NA,NA,NA,1184,0,1184,1184,1184,1184,1184,"▁▁▇▁▁"
"60","numeric","Total_Ncells_samp","26",0,1,NA,NA,NA,NA,NA,NA,NA,NA,2821,0,2821,2821,2821,2821,2821,"▁▁▇▁▁"
"61","numeric","AOO","5",0,1,NA,NA,NA,NA,NA,NA,NA,NA,43320.5955980392,31270.9367710721,136.03,9269.121,46423.552,75357.2545,83907.576,"▇▃▂▃▇"
"62","numeric","AOO","6",0,1,NA,NA,NA,NA,NA,NA,NA,NA,37403.845289916,42536.6149331623,4.977,1137.1035,16097.2855,69337.31525,127506.706,"▇▂▁▁▂"
"63","numeric","AOO","13",0,1,NA,NA,NA,NA,NA,NA,NA,NA,65449.5296350711,86015.8813010822,0.915,3425.6995,28300.195,91949.303,344755.386,"▇▂▁▁▁"
"64","numeric","AOO","26",0,1,NA,NA,NA,NA,NA,NA,NA,NA,1722607.87308333,1726471.18122735,784.133,268574.10225,1011159.5395,3185385.76425,5626176.534,"▇▂▂▂▂"
"65","numeric","occ_Ncells","5",0,1,NA,NA,NA,NA,NA,NA,NA,NA,324.107843137255,234.074107538522,1,68.75,347,564,628,"▇▃▂▃▇"
"66","numeric","occ_Ncells","6",0,1,NA,NA,NA,NA,NA,NA,NA,NA,1518.05882352941,1719.39033348686,1,72,645.5,2846.75,5193,"▇▂▁▂▂"
"67","numeric","occ_Ncells","13",0,1,NA,NA,NA,NA,NA,NA,NA,NA,196.473933649289,256.357011166952,1,13.5,81,274,1064,"▇▂▁▁▁"
"68","numeric","occ_Ncells","26",0,1,NA,NA,NA,NA,NA,NA,NA,NA,773.95,766.194171365125,2,133.5,480,1413.25,2583,"▇▂▂▂▂"
"69","numeric","rel_occ_Ncells","5",0,1,NA,NA,NA,NA,NA,NA,NA,NA,0.516058823529412,0.372751593178793,0.002,0.1095,0.5525,0.898,1,"▇▃▂▃▇"
"70","numeric","rel_occ_Ncells","6",0,1,NA,NA,NA,NA,NA,NA,NA,NA,0.285403361344538,0.32326100333256,0,0.014,0.1215,0.5355,0.976,"▇▂▁▂▂"
"71","numeric","rel_occ_Ncells","13",0,1,NA,NA,NA,NA,NA,NA,NA,NA,0.165928909952607,0.21652112987892,0.001,0.0115,0.068,0.2315,0.899,"▇▂▁▁▁"
"72","numeric","rel_occ_Ncells","26",0,1,NA,NA,NA,NA,NA,NA,NA,NA,0.274335714285714,0.271605584388188,0.001,0.04775,0.1705,0.5005,0.916,"▇▂▂▂▂"
"73","numeric","rel_AOO","5",0,1,NA,NA,NA,NA,NA,NA,NA,NA,0.516254901960784,0.372698763349777,0.002,0.1105,0.553,0.898,1,"▇▃▂▃▇"
"74","numeric","rel_AOO","6",0,1,NA,NA,NA,NA,NA,NA,NA,NA,0.286588235294118,0.325895738336774,0,0.009,0.1235,0.5315,0.977,"▇▂▁▁▂"
"75","numeric","rel_AOO","13",0,1,NA,NA,NA,NA,NA,NA,NA,NA,0.178241706161137,0.234261277341854,0,0.0095,0.077,0.2505,0.939,"▇▂▁▁▁"
"76","numeric","rel_AOO","26",0,1,NA,NA,NA,NA,NA,NA,NA,NA,0.291521428571429,0.29216404653661,0,0.04575,0.171,0.53875,0.952,"▇▂▂▂▂"
"77","numeric","Jaccard_dissim","5",0,1,NA,NA,NA,NA,NA,NA,NA,NA,0.420764705882353,0.311607991590501,0,0.1225,0.394,0.6685,1,"▇▅▃▅▃"
"78","numeric","Jaccard_dissim","6",0,1,NA,NA,NA,NA,NA,NA,NA,NA,0.609894957983193,0.285518082470286,0,0.41175,0.674,0.843,1,"▃▃▃▇▇"
"79","numeric","Jaccard_dissim","13",0,1,NA,NA,NA,NA,NA,NA,NA,NA,0.693289099526066,0.228323218735956,0,0.548,0.74,0.875,1,"▁▂▅▆▇"
"80","numeric","Jaccard_dissim","26",0,1,NA,NA,NA,NA,NA,NA,NA,NA,0.386135714285714,0.221764508095415,0,0.20775,0.3435,0.5345,1,"▆▇▆▃▁"
"81","numeric","D_AOO_a","5",0,1,NA,NA,NA,NA,NA,NA,NA,NA,1.41119117647059,0.547231561581318,0,1.0305,1.59,1.84775,2,"▁▂▂▃▇"
"82","numeric","D_AOO_a","6",0,1,NA,NA,NA,NA,NA,NA,NA,NA,1.31034453781513,0.543831475773303,0,0.901,1.4125,1.80825,1.98,"▂▂▃▃▇"
"83","numeric","D_AOO_a","13",0,1,NA,NA,NA,NA,NA,NA,NA,NA,1.04498578199052,0.546562186403715,0,0.6055,1.075,1.485,1.956,"▆▅▇▇▆"
"84","numeric","D_AOO_a","26",0,1,NA,NA,NA,NA,NA,NA,NA,NA,1.35101428571429,0.370705448608955,0.108,1.1215,1.426,1.68225,1.892,"▁▂▃▇▇"
"85","numeric","log_R2_1","5",0,1,NA,NA,NA,NA,NA,NA,NA,NA,0.14393137254902,0.430743514823658,-0.936,-0.003,0.026,0.19725,2.394,"▁▇▁▁▁"
"86","numeric","log_R2_1","6",0,1,NA,NA,NA,NA,NA,NA,NA,NA,0.0577478991596639,0.670631363439319,-1.792,-0.14025,0.0115,0.24825,3.761,"▁▇▂▁▁"
"87","numeric","log_R2_1","13",0,1,NA,NA,NA,NA,NA,NA,NA,NA,0.37521327014218,1.01771054777926,-1.863,-0.04,0.158,0.6005,7.574,"▅▇▁▁▁"
"88","numeric","log_R2_1","26",0,1,NA,NA,NA,NA,NA,NA,NA,NA,0.138290476190476,0.482106001876267,-3.166,-0.021,0.0585,0.2075,3.112,"▁▁▇▁▁"
"89","numeric","ratio_R2_1","5",0,1,NA,NA,NA,NA,NA,NA,NA,NA,1.30798529411765,0.998254888514336,0.392,0.997,1.026,1.218,10.952,"▇▁▁▁▁"
"90","numeric","ratio_R2_1","6",0,1,NA,NA,NA,NA,NA,NA,NA,NA,1.49963025210084,3.06361107044933,0.167,0.8685,1.0115,1.28175,42.997,"▇▁▁▁▁"
"91","numeric","ratio_R2_1","13",0,1,NA,NA,NA,NA,NA,NA,NA,NA,12.6831374407583,134.595056648505,0.155,0.961,1.172,1.823,1947.737,"▇▁▁▁▁"
"92","numeric","ratio_R2_1","26",0,1,NA,NA,NA,NA,NA,NA,NA,NA,1.33462857142857,1.34908676267138,0.042,0.979,1.06,1.23,22.466,"▇▁▁▁▁"
"93","numeric","Beak.Width","5",2,0.990196078431373,NA,NA,NA,NA,NA,NA,NA,NA,7.48960396039604,5.38684973719599,2,3.5,5.5,9.6,31,"▇▃▁▁▁"
"94","numeric","Beak.Width","6",3,0.987394957983193,NA,NA,NA,NA,NA,NA,NA,NA,7.18723404255319,4.918299034596,1.8,3.75,5.4,8.95,31,"▇▂▁▁▁"
"95","numeric","Beak.Width","13",3,0.985781990521327,NA,NA,NA,NA,NA,NA,NA,NA,7.16490384615385,4.49726368662527,2,3.7,5.3,9.625,22.9,"▇▃▂▁▁"
"96","numeric","Beak.Width","26",3,0.992857142857143,NA,NA,NA,NA,NA,NA,NA,NA,7.9968824940048,6.39620266463036,2,3.7,5.6,10.1,54.4,"▇▂▁▁▁"
"97","numeric","Hand-Wing.Index","5",2,0.990196078431373,NA,NA,NA,NA,NA,NA,NA,NA,35.5346534653465,11.3309854370149,15.7,27.025,33.1,43.8,71.6,"▅▇▅▃▁"
"98","numeric","Hand-Wing.Index","6",3,0.987394957983193,NA,NA,NA,NA,NA,NA,NA,NA,33.6395744680851,13.1186892777121,11.4,24.6,29.8,41.3,70.3,"▃▇▃▂▁"
"99","numeric","Hand-Wing.Index","13",3,0.985781990521327,NA,NA,NA,NA,NA,NA,NA,NA,35.2860576923077,13.0880979171323,13.5,24.875,32.15,45.125,72.2,"▅▇▃▃▁"
"100","numeric","Hand-Wing.Index","26",3,0.992857142857143,NA,NA,NA,NA,NA,NA,NA,NA,39.1868105515588,13.4476833022345,13.5,28.1,37.9,50.5,72.5,"▅▇▆▆▁"
"101","numeric","Mass","5",2,0.990196078431373,NA,NA,NA,NA,NA,NA,NA,NA,433.703118811881,1042.88649591405,5.54,19.5475,83.05,404.805,10682.04,"▇▁▁▁▁"
"102","numeric","Mass","6",3,0.987394957983193,NA,NA,NA,NA,NA,NA,NA,NA,370.344893617021,1003.07947135602,3.09,14.995,50.09,340.76,10682.04,"▇▁▁▁▁"
"103","numeric","Mass","13",3,0.985781990521327,NA,NA,NA,NA,NA,NA,NA,NA,364.924375,820.76417575483,5.54,21.3675,92.94,401.4,8785.99,"▇▁▁▁▁"
"104","numeric","Mass","26",3,0.992857142857143,NA,NA,NA,NA,NA,NA,NA,NA,609.92242206235,1370.52107703345,5.54,23.19,110,608.55,10682.04,"▇▁▁▁▁"
"105","numeric","pd","5",2,0.990196078431373,NA,NA,NA,NA,NA,NA,NA,NA,7.7543792644652,5.37811751301563,1.20497431280376,4.38896514546962,5.89775954348181,9.0909544578457,29.5946067418329,"▇▃▁▁▁"
"106","numeric","pd","6",3,0.987394957983193,NA,NA,NA,NA,NA,NA,NA,NA,7.5418229686377,6.21239769383582,1.47012301285442,3.86895463474569,5.67596685461704,8.94429221197546,51.1403885956937,"▇▁▁▁▁"
"107","numeric","pd","13",3,0.985781990521327,NA,NA,NA,NA,NA,NA,NA,NA,7.93724265341724,5.81496985057615,1.10688455844709,4.32141730519837,6.28709445011706,9.72900085767823,51.1403885956937,"▇▂▁▁▁"
"108","numeric","pd","26",3,0.992857142857143,NA,NA,NA,NA,NA,NA,NA,NA,8.89321378644055,6.86405528192331,1.20497431280376,4.52351143291454,6.69812226642457,10.8493826031754,56.9593516947527,"▇▂▁▁▁"
"109","numeric","PC1_sd","5",0,1,NA,NA,NA,NA,NA,NA,NA,NA,1.11020761962765,0.336533974640041,0.424867887625647,0.898739180957478,1.08513118213876,1.25157458244129,2.20782934459483,"▂▇▆▁▁"
"110","numeric","PC1_sd","6",2,0.991596638655462,NA,NA,NA,NA,NA,NA,NA,NA,1.14204683875628,0.337536590537353,0.332467156740939,0.879918451901691,1.10750887477442,1.31173454282137,2.20782934459483,"▂▇▇▂▁"
"111","numeric","PC1_sd","13",0,1,NA,NA,NA,NA,NA,NA,NA,NA,1.34088236590163,0.420769841098954,0.116067223303672,1.09302614071616,1.28328360311343,1.56750593589788,2.73061211037066,"▁▅▇▃▁"
"112","numeric","PC1_sd","26",0,1,NA,NA,NA,NA,NA,NA,NA,NA,1.03204122033491,0.362741613596368,0.196613782097583,0.811530467453036,1.02477019040665,1.22965827287109,2.20782934459483,"▂▆▇▂▁"
"113","numeric","PC2_sd","5",0,1,NA,NA,NA,NA,NA,NA,NA,NA,1.08534481361148,0.236783938662879,0.362754319105215,0.948977973572386,1.09768333803443,1.22900993477713,1.7771070744486,"▁▃▇▃▁"
"114","numeric","PC2_sd","6",2,0.991596638655462,NA,NA,NA,NA,NA,NA,NA,NA,0.986184552824483,0.213309212502364,0.541840904081766,0.839407629252762,0.997141262930282,1.10591183032908,1.60231310352372,"▂▆▇▂▁"
"115","numeric","PC2_sd","13",0,1,NA,NA,NA,NA,NA,NA,NA,NA,1.14592844524904,0.286586138911653,0.0248489840025737,1.04947870583715,1.17337932741505,1.34195683577835,1.63310253985712,"▁▁▂▇▅"
"116","numeric","PC2_sd","26",0,1,NA,NA,NA,NA,NA,NA,NA,NA,1.0271003953172,0.26209861214491,0.252276356850545,0.859936933778987,1.04151336165624,1.18407792278085,1.81131252975931,"▁▃▇▃▁"
"117","numeric","GlobRangeSize_km2","5",0,1,NA,NA,NA,NA,NA,NA,NA,NA,17842587587.8469,11589471860.1468,250505580.400642,9805943140.64303,15533763738.6883,23280549186.1004,63574544761.3114,"▇▇▂▁▁"
"118","numeric","GlobRangeSize_km2","6",2,0.991596638655462,NA,NA,NA,NA,NA,NA,NA,NA,10545787719.5015,11995088528.3088,38728840.5307913,3621628660.51703,6356037974.83646,11959800011.3612,75222636538.8295,"▇▁▁▁▁"
"119","numeric","GlobRangeSize_km2","13",0,1,NA,NA,NA,NA,NA,NA,NA,NA,14331558437.7834,16139756388.1712,587602.230963364,2158214945.02116,9811353006.95838,19586358327.493,110453714248.828,"▇▂▁▁▁"
"120","numeric","GlobRangeSize_km2","26",0,1,NA,NA,NA,NA,NA,NA,NA,NA,14109012744.7133,14451353797.3287,0,5215102251.54496,10461488814.0796,18334574629.6242,118014530882.603,"▇▁▁▁▁"
"121","numeric","mean_prob_cooccur","5",2,0.990196078431373,NA,NA,NA,NA,NA,NA,NA,NA,0.279881375141772,0.202853000886615,0.002,0.0638595779220779,0.295430305215093,0.484951084043123,0.631,"▇▃▅▅▅"
"122","numeric","mean_prob_cooccur","6",12,0.949579831932773,NA,NA,NA,NA,NA,NA,NA,NA,0.0951151452185559,0.104513450579585,0,0.00611927365883062,0.0458790467625899,0.175927409874608,0.363,"▇▂▂▂▁"
"123","numeric","mean_prob_cooccur","13",9,0.957345971563981,NA,NA,NA,NA,NA,NA,NA,NA,0.0302556738125413,0.0345948897734436,0.001,0.00408960763520679,0.0163088709677419,0.0442157458563536,0.161933333333333,"▇▂▁▁▁"
"124","numeric","mean_prob_cooccur","26",8,0.980952380952381,NA,NA,NA,NA,NA,NA,NA,NA,0.0784648473976377,0.0775867687849867,0.000409090909090909,0.0137970031866567,0.0502144182809419,0.139354264781491,0.309857142857143,"▇▂▂▂▁"
"125","numeric","presence_n","5",1,0.995098039215686,NA,NA,NA,NA,NA,NA,NA,NA,322.832512315271,233.941203426179,1,68.5,333,563.5,628,"▇▃▂▃▇"
"126","numeric","presence_n","6",5,0.978991596638655,NA,NA,NA,NA,NA,NA,NA,NA,1504.41630901288,1711.88394987403,1,72,600,2774,5193,"▇▂▁▂▂"
"127","numeric","presence_n","13",2,0.990521327014218,NA,NA,NA,NA,NA,NA,NA,NA,198.272727272727,256.919504890164,1,15,82,278,1064,"▇▂▁▁▁"
"128","numeric","presence_n","26",7,0.983333333333333,NA,NA,NA,NA,NA,NA,NA,NA,770.215496368039,765.62962829324,2,134,479,1393,2583,"▇▃▂▂▂"
"129","numeric","morans_I","5",5,0.975490196078431,NA,NA,NA,NA,NA,NA,NA,NA,0.170682583076931,0.127992365780023,-0.0147961935583295,0.0791771425675772,0.159315443011095,0.256007129054902,0.518228291316527,"▇▇▆▃▁"
"130","numeric","morans_I","6",5,0.978991596638655,NA,NA,NA,NA,NA,NA,NA,NA,0.276070596606893,0.159063768775627,-0.0010446075663467,0.15467504915956,0.269731352765581,0.383782606793015,0.640473255719815,"▅▇▇▅▂"
"131","numeric","morans_I","13",8,0.962085308056872,NA,NA,NA,NA,NA,NA,NA,NA,0.230014115665039,0.162533724342273,-0.00987378163146081,0.121043164070315,0.210914131675086,0.315984514627503,0.899141078101002,"▇▇▂▁▁"
"132","numeric","morans_I","26",7,0.983333333333333,NA,NA,NA,NA,NA,NA,NA,NA,0.600667684681354,0.173485626993548,-0.00102048603502391,0.521065708234083,0.62960297980614,0.727788648898842,0.911918810519085,"▁▂▃▇▅"
"133","numeric","morans_I_p","5",5,0.975490196078431,NA,NA,NA,NA,NA,NA,NA,NA,0.0912966951358538,0.213015255139047,4.24808339755955e-137,3.5917759180799e-35,3.63921791295438e-15,5.18485883081507e-05,0.74583514180359,"▇▁▁▁▁"
"134","numeric","morans_I_p","6",5,0.978991596638655,NA,NA,NA,NA,NA,NA,NA,NA,0.0334532626958507,0.135702029876567,0,0,0,2.506198022056e-112,0.994054621548617,"▇▁▁▁▁"
"135","numeric","morans_I_p","13",8,0.962085308056872,NA,NA,NA,NA,NA,NA,NA,NA,0.0519622390501305,0.161254927820519,0,2.93777784675004e-78,2.67288981618233e-39,1.99395845064453e-13,0.713118659513505,"▇▁▁▁▁"
"136","numeric","morans_I_p","26",7,0.983333333333333,NA,NA,NA,NA,NA,NA,NA,NA,0.00128679119763863,0.0261506872787364,0,0,0,0,0.531444764624754,"▇▁▁▁▁"
"137","numeric","joincount_statistic","5",5,0.975490196078431,NA,NA,NA,NA,NA,NA,NA,NA,980.618090452261,876.446714471249,0,78,800,1909,2329,"▇▂▂▁▅"
"138","numeric","joincount_statistic","6",5,0.978991596638655,NA,NA,NA,NA,NA,NA,NA,NA,4490.18884120172,6094.2430315814,0,64,761,7325,19652,"▇▁▁▁▁"
"139","numeric","joincount_statistic","13",2,0.990521327014218,NA,NA,NA,NA,NA,NA,NA,NA,424.435406698565,738.474751462791,0,7,77,421,3403,"▇▁▁▁▁"
"140","numeric","joincount_statistic","26",7,0.983333333333333,NA,NA,NA,NA,NA,NA,NA,NA,2408.52784503632,2671.37991637217,0,262,1283,4416,9145,"▇▂▂▁▁"
"141","numeric","joincount_expectation","5",5,0.975490196078431,NA,NA,NA,NA,NA,NA,NA,NA,909.837752849621,882.81972300347,0,26.1949938540619,627.483517711476,1844.04939099341,2324.57324840764,"▇▂▂▂▅"
"142","numeric","joincount_expectation","6",5,0.978991596638655,NA,NA,NA,NA,NA,NA,NA,NA,3757.19810165819,5821.20745800685,0,3.70806678337276,260.69624451177,5579.72799958369,19557.3365150697,"▇▁▁▁▁"
"143","numeric","joincount_expectation","13",2,0.990521327014218,NA,NA,NA,NA,NA,NA,NA,NA,300.297644461331,643.627204651212,0,0.601709266780522,19.0312045236011,220.643922846195,3240.72588297765,"▇▁▁▁▁"
"144","numeric","joincount_expectation","26",7,0.983333333333333,NA,NA,NA,NA,NA,NA,NA,NA,1497.14292120598,2226.60954016757,0.00254349880285042,22.6651178322001,291.182286449119,2465.99330732997,8481.68591342157,"▇▁▁▁▁"
"145","numeric","joincount_variance","5",5,0.975490196078431,NA,NA,NA,NA,NA,NA,NA,NA,83.5726405850217,80.1214666915854,0,6.57820196822393,66.0581554795208,163.234449428252,214.325082664611,"▇▂▂▁▅"
"146","numeric","joincount_variance","6",5,0.978991596638655,NA,NA,NA,NA,NA,NA,NA,NA,472.335480040162,547.247059664547,0,3.61548235713886,140.135100491087,938.316288620234,1563.1023208797,"▇▂▁▂▂"
"147","numeric","joincount_variance","13",2,0.990521327014218,NA,NA,NA,NA,NA,NA,NA,NA,111.618327189201,166.165346944666,0,0.590963951974684,17.5096762633319,163.79955999487,545.921994470991,"▇▁▁▁▁"
"148","numeric","joincount_variance","26",7,0.983333333333333,NA,NA,NA,NA,NA,NA,NA,NA,388.095936713766,402.756177559569,0.00253702941669032,21.1197941814349,223.917127429464,771.019159384072,1082.25061545335,"▇▂▂▁▃"
"149","numeric","joincount_p_val","5",6,0.970588235294118,NA,NA,NA,NA,NA,NA,NA,NA,0.0362153836433766,0.133999892522872,6.3408203532581e-120,1.56143350405785e-34,4.00547381456951e-13,1.68734178744057e-05,0.680516889029545,"▇▁▁▁▁"
"150","numeric","joincount_p_val","6",11,0.953781512605042,NA,NA,NA,NA,NA,NA,NA,NA,0.0188834759669721,0.0985311927345848,0,0,8.72920151011829e-276,1.69728285408132e-98,0.558719333287754,"▇▁▁▁▁"
"151","numeric","joincount_p_val","13",8,0.962085308056872,NA,NA,NA,NA,NA,NA,NA,NA,0.052622311975881,0.165029335949554,0,1.88846823563313e-81,1.35042157650309e-36,6.51746417580723e-11,0.732265130294716,"▇▁▁▁▁"
"152","numeric","joincount_p_val","26",7,0.983333333333333,NA,NA,NA,NA,NA,NA,NA,NA,0.0012950543464366,0.0263186143056005,0,0,0,0,0.534857445076125,"▇▁▁▁▁"
"153","numeric","joincount_zscore","5",6,0.970588235294118,NA,NA,NA,NA,NA,NA,NA,NA,2.48148142449279,4.99052335622224,-1.02237566977774,0.592701940622868,0.905822941253929,1.62537362063379,42.0267504023273,"▇▁▁▁▁"
"154","numeric","joincount_zscore","6",11,0.953781512605042,NA,NA,NA,NA,NA,NA,NA,NA,11.7911863689992,29.2472915731363,-1.00280992444475,1.30457081426471,2.17489461062665,10.7595511688121,229.256839985229,"▇▁▁▁▁"
"155","numeric","joincount_zscore","13",8,0.962085308056872,NA,NA,NA,NA,NA,NA,NA,NA,7.87149869115411,23.9046072569195,-1.01529197595988,0.978650549410348,1.7377436581893,4.77435538054775,174.666924116244,"▇▁▁▁▁"
"156","numeric","joincount_zscore","26",7,0.983333333333333,NA,NA,NA,NA,NA,NA,NA,NA,13.2468379073091,33.7127385775875,-1.00305701297369,1.97094026756572,4.02481236664749,12.2396901992189,393.159217877095,"▇▁▁▁▁"
"157","numeric","joincount_delta","5",5,0.975490196078431,NA,NA,NA,NA,NA,NA,NA,NA,0.393999377137464,0.371727358035788,-0.0296122471784557,0.0736419185863102,0.320446297133029,0.568005479266955,1.6938103800323,"▇▅▂▁▁"
"158","numeric","joincount_delta","6",5,0.978991596638655,NA,NA,NA,NA,NA,NA,NA,NA,0.701102712288814,0.509047767747335,-0.00362682588358055,0.30294914947078,0.588040858993639,1.07538407099769,2.15508952076748,"▇▆▅▂▁"
"159","numeric","joincount_delta","13",2,0.990521327014218,NA,NA,NA,NA,NA,NA,NA,NA,0.580595877907811,0.404629292225745,-0.0315181044504083,0.277998792291813,0.57304443179384,0.848642704401613,1.87074739094155,"▇▇▆▁▁"
"160","numeric","joincount_delta","26",7,0.983333333333333,NA,NA,NA,NA,NA,NA,NA,NA,1.50193138166041,0.68014386974964,-0.00254349880285042,0.947858274541566,1.48383409114437,2.04809261048851,2.98020464354629,"▃▇▇▇▃"
"161","numeric","AlphaSR_sp","5",1,0.995098039215686,NA,NA,NA,NA,NA,NA,NA,NA,132.743335221266,15.4198248837138,117.808936825886,120.169284085283,127.158924205379,141.595618345618,178.166666666667,"▇▃▂▁▁"
"162","numeric","AlphaSR_sp","6",5,0.978991596638655,NA,NA,NA,NA,NA,NA,NA,NA,106.210902168143,20.1881506714664,81.9212794483815,90.9801536491677,101.365278474661,116.966480446927,179.75,"▇▅▂▁▁"
"163","numeric","AlphaSR_sp","13",2,0.990521327014218,NA,NA,NA,NA,NA,NA,NA,NA,86.4667243681615,22.7699124737228,51.9464720194647,69.6180422264875,83.0495867768595,102.84,147.625,"▇▇▅▃▁"
"164","numeric","AlphaSR_sp","26",7,0.983333333333333,NA,NA,NA,NA,NA,NA,NA,NA,157.831840527851,21.5176969910706,47.4347826086956,149.744739249771,157.211916807195,166.152777777778,239.888888888889,"▁▁▇▃▁"
"165","numeric","BetaSR_sp","5",1,0.995098039215686,NA,NA,NA,NA,NA,NA,NA,NA,1.54796112490564,0.162617795397406,1.13938260056127,1.43366142164498,1.59642747269651,1.68928361961624,1.72312903816474,"▁▂▂▃▇"
"166","numeric","BetaSR_sp","6",5,0.978991596638655,NA,NA,NA,NA,NA,NA,NA,NA,2.26264992493633,0.372661522442204,1.29624478442281,1.99202369011797,2.29861747046099,2.56099809303995,2.84419385987267,"▂▃▇▇▇"
"167","numeric","BetaSR_sp","13",2,0.990521327014218,NA,NA,NA,NA,NA,NA,NA,NA,2.58172033796763,0.651240526749855,1.41574936494496,2.03228315830416,2.5165688128172,3.00209533787323,4.02337236533958,"▆▇▇▅▃"
"168","numeric","BetaSR_sp","26",7,0.983333333333333,NA,NA,NA,NA,NA,NA,NA,NA,2.69335563192096,0.641335286437709,1.72163038443724,2.4856641310708,2.62702731693364,2.75802677322189,8.70669110907424,"▇▁▁▁▁"
"169","numeric","GammaSR","5",1,0.995098039215686,NA,NA,NA,NA,NA,NA,NA,NA,203,0,203,203,203,203,203,"▁▁▇▁▁"
"170","numeric","GammaSR","6",5,0.978991596638655,NA,NA,NA,NA,NA,NA,NA,NA,233,0,233,233,233,233,233,"▁▁▇▁▁"
"171","numeric","GammaSR","13",2,0.990521327014218,NA,NA,NA,NA,NA,NA,NA,NA,209,0,209,209,209,209,209,"▁▁▇▁▁"
"172","numeric","GammaSR","26",7,0.983333333333333,NA,NA,NA,NA,NA,NA,NA,NA,413,0,413,413,413,413,413,"▁▁▇▁▁"
"173","numeric","circ","5",1,0.995098039215686,NA,NA,NA,NA,NA,NA,NA,NA,366.92130062012,320.062013267741,16.0363550175266,86.9869548441399,251.802090500351,592.565202015614,1251.82963307462,"▇▃▂▁▁"
"174","numeric","circ","6",5,0.978991596638655,NA,NA,NA,NA,NA,NA,NA,NA,2196.4177668641,2177.62686116253,15.9999983596755,402.344088340876,1459.71237776606,3573.00016468509,9223.5910923251,"▇▂▂▁▁"
"175","numeric","circ","13",2,0.990521327014218,NA,NA,NA,NA,NA,NA,NA,NA,737.984955029213,564.053746750717,16.0147793562555,169.33065578302,655.48333703028,1205.3398604792,2387.30182489911,"▇▅▆▂▁"
"176","numeric","circ","26",7,0.983333333333333,NA,NA,NA,NA,NA,NA,NA,NA,657.122963998831,467.128623580335,17.9997386521009,317.031938398419,544.125425565351,896.874716668894,2590.62251702279,"▇▅▂▁▁"
"177","numeric","circNorm","5",1,0.995098039215686,NA,NA,NA,NA,NA,NA,NA,NA,29.1986693596997,25.4697257537524,1.27613258510793,6.92220192397818,20.0377736920019,47.1548405025162,99.6174370063694,"▇▃▂▁▁"
"178","numeric","circNorm","6",5,0.978991596638655,NA,NA,NA,NA,NA,NA,NA,NA,174.785372345641,173.290039581853,1.27323941420229,32.0175252416264,116.160220206946,284.330318938894,733.990057700957,"▇▂▂▁▁"
"179","numeric","circNorm","13",2,0.990521327014218,NA,NA,NA,NA,NA,NA,NA,NA,58.7269767601747,44.8859709824404,1.27441564853705,13.4749054424299,52.16170660137,95.9178984504799,189.975443042498,"▇▅▆▂▁"
"180","numeric","circNorm","26",7,0.983333333333333,NA,NA,NA,NA,NA,NA,NA,NA,52.2921839698057,37.1729147512618,1.43237369042205,25.2286000570568,43.3001255703534,71.3710222459988,206.155189634673,"▇▅▂▁▁"
"181","numeric","Dist_centroid_to_COG","5",1,0.995098039215686,NA,NA,NA,NA,NA,NA,NA,NA,31761.562213502,34939.5030824171,4760.79240805177,9277.25532353156,15975.6823815108,39812.7094231315,204616.863139107,"▇▂▁▁▁"
"182","numeric","Dist_centroid_to_COG","6",5,0.978991596638655,NA,NA,NA,NA,NA,NA,NA,NA,109474.641550344,70561.395807547,19882.7705895832,51054.5500961734,85167.6467298794,155737.781151781,283328.456559866,"▇▅▂▂▂"
"183","numeric","Dist_centroid_to_COG","13",2,0.990521327014218,NA,NA,NA,NA,NA,NA,NA,NA,534523.854112936,405507.397843427,376.627722091844,201298.426270416,423597.27189135,824166.84711702,1682339.71558752,"▇▆▂▃▁"
"184","numeric","Dist_centroid_to_COG","26",7,0.983333333333333,NA,NA,NA,NA,NA,NA,NA,NA,1129445.06975482,688727.930494133,46097.5450774427,628006.726275327,962294.830474192,1522458.87476131,3792587.23891622,"▇▇▃▁▁"
"185","numeric","minDist_toBorder_centr","5",1,0.995098039215686,NA,NA,NA,NA,NA,NA,NA,NA,82644.3780295321,20164.1466338069,773.212304151331,80183.9874689023,91730.9465630662,94158.38906033,113089.566304293,"▁▁▁▅▇"
"186","numeric","minDist_toBorder_centr","6",5,0.978991596638655,NA,NA,NA,NA,NA,NA,NA,NA,43389.7050973794,24568.8974950426,1179.47075676414,27297.7551341534,38989.474985186,58465.8250455509,103291.24724237,"▅▇▅▃▂"
"187","numeric","minDist_toBorder_centr","13",2,0.990521327014218,NA,NA,NA,NA,NA,NA,NA,NA,36437.616808066,30860.9944537304,1718.8643348155,12396.1555490136,26373.9508396293,55537.1780563127,167149.997387081,"▇▃▂▁▁"
"188","numeric","minDist_toBorder_centr","26",7,0.983333333333333,NA,NA,NA,NA,NA,NA,NA,NA,113051.162783637,90411.7137123523,537.496156363908,44409.93649848,88362.2642808037,158039.679264806,460148.717583815,"▇▅▂▁▁"
"189","numeric","maxDist_toBorder_centr","5",1,0.995098039215686,NA,NA,NA,NA,NA,NA,NA,NA,281882.128243646,33177.6074266389,258136.163763839,262282.075506445,268371.441131132,285338.322546258,457253.682160642,"▇▁▁▁▁"
"190","numeric","maxDist_toBorder_centr","6",5,0.978991596638655,NA,NA,NA,NA,NA,NA,NA,NA,433410.989326931,68020.2616548003,351256.843603557,375276.205507572,412427.606669942,478586.529855112,624759.847293778,"▇▃▃▁▁"
"191","numeric","maxDist_toBorder_centr","13",2,0.990521327014218,NA,NA,NA,NA,NA,NA,NA,NA,2439035.72618065,255473.781234215,2131077.24154805,2266336.28948102,2304422.85583299,2594671.74136634,3337399.90690535,"▇▂▂▁▁"
"192","numeric","maxDist_toBorder_centr","26",7,0.983333333333333,NA,NA,NA,NA,NA,NA,NA,NA,4464797.84777074,554752.838902121,3572584.80159202,3981851.7019215,4420290.31806914,4849929.94024816,6443753.64425784,"▇▇▆▁▁"
"193","numeric","minDist_toBorder_border","5",1,0.995098039215686,NA,NA,NA,NA,NA,NA,NA,NA,599.603175137419,2681.83031150956,0,0,0,0,16512.0901820887,"▇▁▁▁▁"
"194","numeric","minDist_toBorder_border","6",5,0.978991596638655,NA,NA,NA,NA,NA,NA,NA,NA,2701.04399728356,9809.48303154742,0,0,0,0,69633.434279791,"▇▁▁▁▁"
"195","numeric","minDist_toBorder_border","13",2,0.990521327014218,NA,NA,NA,NA,NA,NA,NA,NA,671.776176918325,4168.99901833619,0,0,0,0,41824.137216335,"▇▁▁▁▁"
"196","numeric","minDist_toBorder_border","26",7,0.983333333333333,NA,NA,NA,NA,NA,NA,NA,NA,126.171026274321,2564.09824514793,0,0,0,0,52108.6338512948,"▇▁▁▁▁"
"197","numeric","range_centr_long","5",1,0.995098039215686,NA,NA,NA,NA,NA,NA,NA,NA,-671617.318148268,38003.9033523692,-760442.757932825,-685045.885809898,-678756.48796612,-668495.702978966,-468970.521847129,"▁▇▁▁▁"
"198","numeric","range_centr_long","6",5,0.978991596638655,NA,NA,NA,NA,NA,NA,NA,NA,211458.579703741,78365.865203215,-29645.6932374686,164062.018588954,185827.32853574,257403.201230131,425919.353812765,"▁▂▇▃▂"
"199","numeric","range_centr_long","13",2,0.990521327014218,NA,NA,NA,NA,NA,NA,NA,NA,1179261.87793899,325714.667649743,-44374.657712074,1093900.83957587,1224116.44800788,1374314.62670724,1762746.69322219,"▁▁▁▇▂"
"200","numeric","range_centr_long","26",7,0.983333333333333,NA,NA,NA,NA,NA,NA,NA,NA,4488108.77971204,681497.039277664,1409796.89399289,4282148.34756746,4554760.69246049,4802723.51233891,6201527.21871285,"▁▁▂▇▁"
"201","numeric","range_centr_lat","5",1,0.995098039215686,NA,NA,NA,NA,NA,NA,NA,NA,-1098173.53668487,24316.5299648011,-1200044.91400711,-1100116.91813489,-1090908.66653921,-1089352.20100409,-1011476.75031346,"▁▁▇▁▁"
"202","numeric","range_centr_lat","6",5,0.978991596638655,NA,NA,NA,NA,NA,NA,NA,NA,291935.539980363,99150.5893750614,48275.6693106596,271161.895611,305867.904856512,340090.033564589,506656.744786367,"▂▁▇▃▂"
"203","numeric","range_centr_lat","13",2,0.990521327014218,NA,NA,NA,NA,NA,NA,NA,NA,1349613.296052,508427.176109901,-187664.353519106,1142997.29008714,1357820.03730451,1652930.7420278,2270679.04183566,"▂▁▆▇▃"
"204","numeric","range_centr_lat","26",7,0.983333333333333,NA,NA,NA,NA,NA,NA,NA,NA,3202766.19400497,937251.777188319,1451380.35171375,2446778.77718738,3120013.72315142,3750325.08245441,6086730.2278633,"▅▇▅▃▁"
"205","numeric","atlas_xmin","5",1,0.995098039215686,NA,NA,NA,NA,NA,NA,NA,NA,-912073.889779339,0,-912073.889779339,-912073.889779339,-912073.889779339,-912073.889779339,-912073.889779339,"▁▁▇▁▁"
"206","numeric","atlas_xmin","6",5,0.978991596638655,NA,NA,NA,NA,NA,NA,NA,NA,-177685.061156029,0,-177685.061156029,-177685.061156029,-177685.061156029,-177685.061156029,-177685.061156029,"▁▁▇▁▁"
"207","numeric","atlas_xmin","13",2,0.990521327014218,NA,NA,NA,NA,NA,NA,NA,NA,-126853.97117926,0,-126853.97117926,-126853.97117926,-126853.97117926,-126853.97117926,-126853.97117926,"▁▁▇▁▁"
"208","numeric","atlas_xmin","26",7,0.983333333333333,NA,NA,NA,NA,NA,NA,NA,NA,896891.476501773,0,896891.476501773,896891.476501773,896891.476501773,896891.476501773,896891.476501773,"▁▁▇▁▁"
"209","numeric","atlas_xmax","5",1,0.995098039215686,NA,NA,NA,NA,NA,NA,NA,NA,-421278.968557165,0,-421278.968557165,-421278.968557165,-421278.968557165,-421278.968557165,-421278.968557165,"▁▁▇▁▁"
"210","numeric","atlas_xmax","6",5,0.978991596638655,NA,NA,NA,NA,NA,NA,NA,NA,481102.506468528,0,481102.506468528,481102.506468528,481102.506468528,481102.506468528,481102.506468528,"▁▁▇▁▁"
"211","numeric","atlas_xmax","13",2,0.990521327014218,NA,NA,NA,NA,NA,NA,NA,NA,3143181.38031464,0,3143181.38031464,3143181.38031464,3143181.38031464,3143181.38031464,3143181.38031464,"▁▁▇▁▁"
"212","numeric","atlas_xmax","26",7,0.983333333333333,NA,NA,NA,NA,NA,NA,NA,NA,7636360.52136059,0,7636360.52136059,7636360.52136059,7636360.52136059,7636360.52136059,7636360.52136059,"▁▁▇▁▁"
"213","numeric","atlas_xhalf","5",1,0.995098039215686,NA,NA,NA,NA,NA,NA,NA,NA,-666676.429168252,0,-666676.429168252,-666676.429168252,-666676.429168252,-666676.429168252,-666676.429168252,"▁▁▇▁▁"
"214","numeric","atlas_xhalf","6",5,0.978991596638655,NA,NA,NA,NA,NA,NA,NA,NA,151708.722656249,0,151708.722656249,151708.722656249,151708.722656249,151708.722656249,151708.722656249,"▁▁▇▁▁"
"215","numeric","atlas_xhalf","13",2,0.990521327014218,NA,NA,NA,NA,NA,NA,NA,NA,1508163.70456769,0,1508163.70456769,1508163.70456769,1508163.70456769,1508163.70456769,1508163.70456769,"▁▁▇▁▁"
"216","numeric","atlas_xhalf","26",7,0.983333333333333,NA,NA,NA,NA,NA,NA,NA,NA,4266625.99893118,0,4266625.99893118,4266625.99893118,4266625.99893118,4266625.99893118,4266625.99893118,"▁▁▇▁▁"
"217","numeric","atlas_ymin","5",1,0.995098039215686,NA,NA,NA,NA,NA,NA,NA,NA,-1229671.3409502,0,-1229671.3409502,-1229671.3409502,-1229671.3409502,-1229671.3409502,-1229671.3409502,"▁▁▇▁▁"
"218","numeric","atlas_ymin","6",5,0.978991596638655,NA,NA,NA,NA,NA,NA,NA,NA,33668.927344849,0,33668.927344849,33668.927344849,33668.927344849,33668.927344849,33668.927344849,"▁▁▇▁▁"
"219","numeric","atlas_ymin","13",2,0.990521327014218,NA,NA,NA,NA,NA,NA,NA,NA,-581179.233968176,0,-581179.233968176,-581179.233968176,-581179.233968176,-581179.233968176,-581179.233968176,"▁▁▇▁▁"
"220","numeric","atlas_ymin","26",7,0.983333333333333,NA,NA,NA,NA,NA,NA,NA,NA,912730.823208753,0,912730.823208753,912730.823208753,912730.823208753,912730.823208753,912730.823208753,"▁▁▇▁▁"
"221","numeric","atlas_ymax","5",1,0.995098039215686,NA,NA,NA,NA,NA,NA,NA,NA,-929005.17689164,0,-929005.17689164,-929005.17689164,-929005.17689164,-929005.17689164,-929005.17689164,"▁▁▇▁▁"
"222","numeric","atlas_ymax","6",5,0.978991596638655,NA,NA,NA,NA,NA,NA,NA,NA,543536.803988356,0,543536.803988356,543536.803988356,543536.803988356,543536.803988356,543536.803988356,"▁▁▇▁▁"
"223","numeric","atlas_ymax","13",2,0.990521327014218,NA,NA,NA,NA,NA,NA,NA,NA,2495339.15728101,0,2495339.15728101,2495339.15728101,2495339.15728101,2495339.15728101,2495339.15728101,"▁▁▇▁▁"
"224","numeric","atlas_ymax","26",7,0.983333333333333,NA,NA,NA,NA,NA,NA,NA,NA,6869717.26954919,0,6869717.26954919,6869717.26954919,6869717.26954919,6869717.26954919,6869717.26954919,"▁▁▇▁▁"
"225","numeric","atlas_yhalf","5",1,0.995098039215686,NA,NA,NA,NA,NA,NA,NA,NA,-1079338.25892092,0,-1079338.25892092,-1079338.25892092,-1079338.25892092,-1079338.25892092,-1079338.25892092,"▁▁▇▁▁"
"226","numeric","atlas_yhalf","6",5,0.978991596638655,NA,NA,NA,NA,NA,NA,NA,NA,288602.865666603,0,288602.865666603,288602.865666603,288602.865666603,288602.865666603,288602.865666603,"▁▁▇▁▁"
"227","numeric","atlas_yhalf","13",2,0.990521327014218,NA,NA,NA,NA,NA,NA,NA,NA,957079.961656419,0,957079.961656419,957079.961656419,957079.961656419,957079.961656419,957079.961656419,"▁▁▇▁▁"
"228","numeric","atlas_yhalf","26",7,0.983333333333333,NA,NA,NA,NA,NA,NA,NA,NA,3891224.04637897,0,3891224.04637897,3891224.04637897,3891224.04637897,3891224.04637897,3891224.04637897,"▁▁▇▁▁"
"229","numeric","atlas_lengthMinRect","5",1,0.995098039215686,NA,NA,NA,NA,NA,NA,NA,NA,490152.80229608,0,490152.80229608,490152.80229608,490152.80229608,490152.80229608,490152.80229608,"▁▁▇▁▁"
"230","numeric","atlas_lengthMinRect","6",5,0.978991596638655,NA,NA,NA,NA,NA,NA,NA,NA,601053.69854025,0,601053.69854025,601053.69854025,601053.69854025,601053.69854025,601053.69854025,"▁▁▇▁▁"
"231","numeric","atlas_lengthMinRect","13",2,0.990521327014218,NA,NA,NA,NA,NA,NA,NA,NA,2624654.5420923,0,2624654.5420923,2624654.5420923,2624654.5420923,2624654.5420923,2624654.5420923,"▁▁▇▁▁"
"232","numeric","atlas_lengthMinRect","26",7,0.983333333333333,NA,NA,NA,NA,NA,NA,NA,NA,5371162.91731966,0,5371162.91731966,5371162.91731966,5371162.91731966,5371162.91731966,5371162.91731966,"▁▁▇▁▁"
"233","numeric","atlas_widthMinRect","5",1,0.995098039215686,NA,NA,NA,NA,NA,NA,NA,NA,289191.198499907,0,289191.198499907,289191.198499907,289191.198499907,289191.198499907,289191.198499907,"▁▁▇▁▁"
"234","numeric","atlas_widthMinRect","6",5,0.978991596638655,NA,NA,NA,NA,NA,NA,NA,NA,524089.168061616,0,524089.168061616,524089.168061616,524089.168061616,524089.168061616,524089.168061616,"▁▁▇▁▁"
"235","numeric","atlas_widthMinRect","13",2,0.990521327014218,NA,NA,NA,NA,NA,NA,NA,NA,2473522.52752714,0,2473522.52752714,2473522.52752714,2473522.52752714,2473522.52752714,2473522.52752714,"▁▁▇▁▁"
"236","numeric","atlas_widthMinRect","26",7,0.983333333333333,NA,NA,NA,NA,NA,NA,NA,NA,1880430.41519193,0,1880430.41519193,1880430.41519193,1880430.41519193,1880430.41519193,1880430.41519193,"▁▁▇▁▁"
"237","numeric","atlas_elonMinRect","5",1,0.995098039215686,NA,NA,NA,NA,NA,NA,NA,NA,0.409997867715507,0,0.409997867715507,0.409997867715507,0.409997867715507,0.409997867715507,0.409997867715507,"▁▁▇▁▁"
"238","numeric","atlas_elonMinRect","6",5,0.978991596638655,NA,NA,NA,NA,NA,NA,NA,NA,0.128049341790183,0,0.128049341790183,0.128049341790183,0.128049341790183,0.128049341790183,0.128049341790183,"▁▁▇▁▁"
"239","numeric","atlas_elonMinRect","13",2,0.990521327014218,NA,NA,NA,NA,NA,NA,NA,NA,0.0575816787091064,0,0.0575816787091064,0.0575816787091064,0.0575816787091064,0.0575816787091064,0.0575816787091064,"▁▁▇▁▁"
"240","numeric","atlas_elonMinRect","26",7,0.983333333333333,NA,NA,NA,NA,NA,NA,NA,NA,0.649902554784112,0,0.649902554784112,0.649902554784112,0.649902554784112,0.649902554784112,0.649902554784112,"▁▁▇▁▁"
"241","numeric","atlas_circ","5",1,0.995098039215686,NA,NA,NA,NA,NA,NA,NA,NA,35.2758132755675,0,35.2758132755675,35.2758132755675,35.2758132755675,35.2758132755675,35.2758132755675,"▁▁▇▁▁"
"242","numeric","atlas_circ","6",5,0.978991596638655,NA,NA,NA,NA,NA,NA,NA,NA,60.8785219777519,0,60.8785219777519,60.8785219777519,60.8785219777519,60.8785219777519,60.8785219777519,"▁▁▇▁▁"
"243","numeric","atlas_circ","13",2,0.990521327014218,NA,NA,NA,NA,NA,NA,NA,NA,527.380417665402,0,527.380417665402,527.380417665402,527.380417665402,527.380417665402,527.380417665402,"▁▁▇▁▁"
"244","numeric","atlas_circ","26",7,0.983333333333333,NA,NA,NA,NA,NA,NA,NA,NA,603.847407061636,0,603.847407061636,603.847407061636,603.847407061636,603.847407061636,603.847407061636,"▁▁▇▁▁"
"245","numeric","atlas_circNorm","5",1,0.995098039215686,NA,NA,NA,NA,NA,NA,NA,NA,2.80716002719663,0,2.80716002719663,2.80716002719663,2.80716002719663,2.80716002719663,2.80716002719663,"▁▁▇▁▁"
"246","numeric","atlas_circNorm","6",5,0.978991596638655,NA,NA,NA,NA,NA,NA,NA,NA,4.84455885044391,0,4.84455885044391,4.84455885044391,4.84455885044391,4.84455885044391,4.84455885044391,"▁▁▇▁▁"
"247","numeric","atlas_circNorm","13",2,0.990521327014218,NA,NA,NA,NA,NA,NA,NA,NA,41.9676001806586,0,41.9676001806586,41.9676001806586,41.9676001806586,41.9676001806586,41.9676001806586,"▁▁▇▁▁"
"248","numeric","atlas_circNorm","26",7,0.983333333333333,NA,NA,NA,NA,NA,NA,NA,NA,48.0526498535416,0,48.0526498535416,48.0526498535416,48.0526498535416,48.0526498535416,48.0526498535416,"▁▁▇▁▁"
"249","numeric","atlas_relCirc","5",1,0.995098039215686,NA,NA,NA,NA,NA,NA,NA,NA,0.707983634836533,0,0.707983634836533,0.707983634836533,0.707983634836533,0.707983634836533,0.707983634836533,"▁▁▇▁▁"
"250","numeric","atlas_relCirc","6",5,0.978991596638655,NA,NA,NA,NA,NA,NA,NA,NA,0.714331112675678,0,0.714331112675678,0.714331112675678,0.714331112675678,0.714331112675678,0.714331112675678,"▁▁▇▁▁"
"251","numeric","atlas_relCirc","13",2,0.990521327014218,NA,NA,NA,NA,NA,NA,NA,NA,0.938199988381705,0,0.938199988381705,0.938199988381705,0.938199988381705,0.938199988381705,0.938199988381705,"▁▁▇▁▁"
"252","numeric","atlas_relCirc","26",420,0,NA,NA,NA,NA,NA,NA,NA,NA,NA,NA,NA,NA,NA,NA,NA," "
"253","numeric","atlas_bearingMinRect","5",1,0.995098039215686,NA,NA,NA,NA,NA,NA,NA,NA,87.3737617147061,0,87.3737617147061,87.3737617147061,87.3737617147061,87.3737617147061,87.3737617147061,"▁▁▇▁▁"
"254","numeric","atlas_bearingMinRect","6",5,0.978991596638655,NA,NA,NA,NA,NA,NA,NA,NA,61.7231144770371,0,61.7231144770371,61.7231144770371,61.7231144770371,61.7231144770371,61.7231144770371,"▁▁▇▁▁"
"255","numeric","atlas_bearingMinRect","13",2,0.990521327014218,NA,NA,NA,NA,NA,NA,NA,NA,71.8904331070116,0,71.8904331070116,71.8904331070116,71.8904331070116,71.8904331070116,71.8904331070116,"▁▁▇▁▁"
"256","numeric","atlas_bearingMinRect","26",7,0.983333333333333,NA,NA,NA,NA,NA,NA,NA,NA,47.4101394860234,0,47.4101394860234,47.4101394860234,47.4101394860234,47.4101394860234,47.4101394860234,"▁▁▇▁▁"
"257","numeric","atlas_bearing","5",1,0.995098039215686,NA,NA,NA,NA,NA,NA,NA,NA,-76.0671845521887,0,-76.0671845521887,-76.0671845521887,-76.0671845521887,-76.0671845521887,-76.0671845521887,"▁▁▇▁▁"
"258","numeric","atlas_bearing","6",5,0.978991596638655,NA,NA,NA,NA,NA,NA,NA,NA,-75.1219358723676,0,-75.1219358723676,-75.1219358723676,-75.1219358723676,-75.1219358723676,-75.1219358723676,"▁▁▇▁▁"
"259","numeric","atlas_bearing","13",2,0.990521327014218,NA,NA,NA,NA,NA,NA,NA,NA,38.274348143301,0,38.274348143301,38.274348143301,38.274348143301,38.274348143301,38.274348143301,"▁▁▇▁▁"
"260","numeric","atlas_bearing","26",7,0.983333333333333,NA,NA,NA,NA,NA,NA,NA,NA,25.73212274724,0,25.73212274724,25.73212274724,25.73212274724,25.73212274724,25.73212274724,"▁▁▇▁▁"
"261","numeric","southerness","5",1,0.995098039215686,NA,NA,NA,NA,NA,NA,NA,NA,0.562645152715885,0.0808755120182565,0.274296157268153,0.533305849743765,0.538482573037522,0.569108738188182,0.901464047223757,"▁▁▇▁▁"
"262","numeric","southerness","6",5,0.978991596638655,NA,NA,NA,NA,NA,NA,NA,NA,0.493463651140959,0.194463299056564,0.0723325804417669,0.399018608042283,0.466138209562119,0.534206842310634,0.971351907749184,"▂▃▇▁▂"
"263","numeric","southerness","13",2,0.990521327014218,NA,NA,NA,NA,NA,NA,NA,NA,0.372409885306684,0.165260567775595,0.0730241418625578,0.273818748377826,0.369742343556939,0.439568920192531,0.872090840877669,"▃▇▆▁▂"
"264","numeric","southerness","26",7,0.983333333333333,NA,NA,NA,NA,NA,NA,NA,NA,0.61557149887372,0.157336563651929,0.131440124757529,0.523652725282113,0.62946316567521,0.742479193498746,0.909576841687141,"▁▃▅▇▅"
"265","numeric","westernnes","5",1,0.995098039215686,NA,NA,NA,NA,NA,NA,NA,NA,0.510067115135814,0.0774333671948604,0.0971720595054311,0.50370679021328,0.524613251432566,0.537427968072494,0.691049916594649,"▁▁▁▇▁"
"266","numeric","westernnes","6",5,0.978991596638655,NA,NA,NA,NA,NA,NA,NA,NA,0.409303302029611,0.118954681378984,0.0837647147087814,0.33956212325774,0.448210003412003,0.481248437979411,0.77528512195159,"▂▃▇▂▁"
"267","numeric","westernnes","13",2,0.990521327014218,NA,NA,NA,NA,NA,NA,NA,NA,0.60058051099614,0.0996058551785816,0.422146716689716,0.540931997202813,0.586863665382101,0.626684521866887,0.974777241038234,"▂▇▁▁▁"
"268","numeric","westernnes","26",7,0.983333333333333,NA,NA,NA,NA,NA,NA,NA,NA,0.467136464414832,0.101120286292811,0.212900050893816,0.420454043213287,0.457246677503607,0.4976967994759,0.923895278088355,"▁▇▂▁▁"
"269","numeric","rel_maxDist","5",1,0.995098039215686,NA,NA,NA,NA,NA,NA,NA,NA,0.869348069966056,0.175423281507569,0.0322843138708862,0.854552861080645,0.948251147336588,0.973999878189599,0.973999878189599,"▁▁▁▁▇"
"270","numeric","rel_maxDist","6",5,0.978991596638655,NA,NA,NA,NA,NA,NA,NA,NA,0.776221476226473,0.29524761219143,0.0104446137286052,0.686914974062457,0.91567228808464,0.98961481129142,1,"▁▁▁▂▇"
"271","numeric","rel_maxDist","13",2,0.990521327014218,NA,NA,NA,NA,NA,NA,NA,NA,0.499514124772412,0.249075487615508,0.00809595544622006,0.327054245111653,0.541427951404234,0.614939988111928,0.902925928260066,"▃▃▆▇▅"
"272","numeric","rel_maxDist","26",7,0.983333333333333,NA,NA,NA,NA,NA,NA,NA,NA,0.467426224018484,0.176706157963389,0.0158472618438776,0.353168137765652,0.501569294728295,0.589016090418667,0.800447720160867,"▂▃▅▇▂"
"273","numeric","rel_ewDist","5",1,0.995098039215686,NA,NA,NA,NA,NA,NA,NA,NA,0.86348609238575,0.193065648754964,0.0236781857180051,0.855529005500156,0.950521117061793,0.9742942201578,0.9742942201578,"▁▁▁▁▇"
"274","numeric","rel_ewDist","6",5,0.978991596638655,NA,NA,NA,NA,NA,NA,NA,NA,0.743784006854414,0.313851495927787,0.00746909215507072,0.5797808899417,0.897139656380946,0.991693329737599,1,"▁▂▁▂▇"
"275","numeric","rel_ewDist","13",2,0.990521327014218,NA,NA,NA,NA,NA,NA,NA,NA,0.392599152169021,0.194216409792799,0.00604974575834017,0.260933721398723,0.44332409720234,0.495174594362181,0.708745395492203,"▃▂▃▇▃"
"276","numeric","rel_ewDist","26",7,0.983333333333333,NA,NA,NA,NA,NA,NA,NA,NA,0.358709341780651,0.156420112445208,0.00532652011300596,0.239418406837,0.38992922379162,0.462888287703231,0.681914983587493,"▃▃▆▇▂"
"277","numeric","rel_nsDist","5",1,0.995098039215686,NA,NA,NA,NA,NA,NA,NA,NA,0.847954311835283,0.186221279104088,0.0384544342317781,0.807916256864825,0.923319038254401,0.961756635881378,0.961756635881378,"▁▁▁▁▇"
"278","numeric","rel_nsDist","6",5,0.978991596638655,NA,NA,NA,NA,NA,NA,NA,NA,0.764841440832244,0.315977986901587,0.00987771592267525,0.628819900675282,0.942183978803647,0.990275027668663,1,"▂▁▁▁▇"
"279","numeric","rel_nsDist","13",2,0.990521327014218,NA,NA,NA,NA,NA,NA,NA,NA,0.462433657035348,0.240236426746846,0.00657225950293538,0.322805333372966,0.493893105781724,0.599124239668057,0.842334274702561,"▆▂▇▇▆"
"280","numeric","rel_nsDist","26",7,0.983333333333333,NA,NA,NA,NA,NA,NA,NA,NA,0.420422290616857,0.192742640473741,0.0166542890441534,0.247932025580856,0.446708587308754,0.595380261606087,0.818203823497108,"▃▆▅▇▂"
"281","numeric","rel_elonRatio","5",1,0.995098039215686,NA,NA,NA,NA,NA,NA,NA,NA,1.03599632280257,0.206988235395759,0.219498634032358,0.986257149257203,1.02130326277711,1.08089184503541,2.18164232874796,"▁▃▇▁▁"
"282","numeric","rel_elonRatio","6",5,0.978991596638655,NA,NA,NA,NA,NA,NA,NA,NA,1.2221177172385,0.87805534579711,0.00178726826014952,0.803002477821941,1,1.1961125170736,4.42759048811289,"▅▇▂▁▁"
"283","numeric","rel_elonRatio","13",2,0.990521327014218,NA,NA,NA,NA,NA,NA,NA,NA,1.68500455816487,1.04603213412654,0.0381453127283654,0.989410009202321,1.51401272639651,2.0844007317447,6.00188882666487,"▅▇▂▁▁"
"284","numeric","rel_elonRatio","26",7,0.983333333333333,NA,NA,NA,NA,NA,NA,NA,NA,0.515023313308511,0.253875834697697,0.00353599385333976,0.33781941362316,0.536635269421735,0.690976815712787,1.13389541562973,"▃▅▇▅▁"
"285","numeric","rel_lin","5",1,0.995098039215686,NA,NA,NA,NA,NA,NA,NA,NA,3.14623927625939,4.96669302752649,1.01943525959116e-09,0.645172868153724,1.59259224497703,3.22869592915624,25.5332192413594,"▇▁▁▁▁"
"286","numeric","rel_lin","6",5,0.978991596638655,NA,NA,NA,NA,NA,NA,NA,NA,6.19647022295077,9.29517829511593,4.17175789758578e-11,0.413821493738275,1.92844309438299,7.28708475347157,41.261016902828,"▇▁▁▁▁"
"287","numeric","rel_lin","13",2,0.990521327014218,NA,NA,NA,NA,NA,NA,NA,NA,6.34423939677417,2.27528247230077,0,6.28145349430936,6.96037473760597,7.83423519202048,9.0070250035223,"▂▁▁▇▇"
"288","numeric","rel_lin","26",7,0.983333333333333,NA,NA,NA,NA,NA,NA,NA,NA,0.669227563460314,0.778233395564328,4.78888507069253e-05,0.110743257799037,0.421530653960164,0.88371180476604,3.64044993033553,"▇▂▁▁▁"
"289","numeric","rel_circNorm","5",1,0.995098039215686,NA,NA,NA,NA,NA,NA,NA,NA,10.4014979825924,9.07312925055708,0.454599158132906,2.46590926663024,7.13809455031765,16.7980592647607,35.4869106289791,"▇▃▂▁▁"
"290","numeric","rel_circNorm","6",5,0.978991596638655,NA,NA,NA,NA,NA,NA,NA,NA,36.0786973058705,35.7700349880101,0.262818443022035,6.60896610610739,23.9774608572053,58.6906522794827,151.508131154956,"▇▂▂▁▁"
"291","numeric","rel_circNorm","13",2,0.990521327014218,NA,NA,NA,NA,NA,NA,NA,NA,1.39934083691638,1.06953866290231,0.0303666553019724,0.321078769918325,1.24290420173726,2.28552259451531,4.52671685358962,"▇▅▆▂▁"
"292","numeric","rel_circNorm","26",7,0.983333333333333,NA,NA,NA,NA,NA,NA,NA,NA,1.08822685386104,0.773587197887319,0.0298084225279511,0.525019954860978,0.901097560744863,1.48526714891954,4.29019399061254,"▇▅▂▁▁"
"293","numeric","mean_lnLac","5",0,1,NA,NA,NA,NA,NA,NA,NA,NA,1.23168039341087,1.39086154367428,0.113807115207549,0.189417551717046,0.542635718159611,1.96040830750442,5.79340642827022,"▇▂▁▁▁"
"294","numeric","mean_lnLac","6",0,1,NA,NA,NA,NA,NA,NA,NA,NA,2.5243906280201,2.21152725390392,0.0367937509597162,0.582670059127135,1.97353316150141,4.16715396130979,8.27069191402666,"▇▃▃▂▁"
"295","numeric","mean_lnLac","13",0,1,NA,NA,NA,NA,NA,NA,NA,NA,1.99848775060162,0.921493541773792,0.837656513716297,1.27261005174344,1.70315044443053,2.54477106934931,5.00935214638923,"▇▃▃▁▁"
"296","numeric","mean_lnLac","26",2,0.995238095238095,NA,NA,NA,NA,NA,NA,NA,NA,2.71718426497941,1.53174868357145,0.788872724465482,1.40087569820192,2.41355038710057,3.6145171059489,7.96745415394666,"▇▅▃▁▁"
